{"__type":"$$EventMessageAudit","id":"36647878-2ac8-4cc5-8128-3d61db7a20cb","ts":"2026-02-10T07:55:09.412+00:00","eventName":"n8n.audit.user.credentials.updated","message":"n8n.audit.user.credentials.updated","payload":{"userId":"ef35603f-480f-4c41-8e22-a0f9dcd4412d","_email":"f.armin8090@gmail.com","_firstName":"armin","_lastName":"fl","globalRole":"global:owner","credentialType":"postgres","credentialId":"CmUN1L1ueeOZKmqa"}}
{"__type":"$$EventMessageConfirm","confirm":"36647878-2ac8-4cc5-8128-3d61db7a20cb","ts":"2026-02-10T07:55:09.412+00:00","source":{"id":"0","name":"eventBus"}}
{"__type":"$$EventMessageAudit","id":"3612fbe3-9eb1-4f17-9c64-42e057344e5e","ts":"2026-02-10T08:01:21.286+00:00","eventName":"n8n.audit.user.credentials.created","message":"n8n.audit.user.credentials.created","payload":{"userId":"ef35603f-480f-4c41-8e22-a0f9dcd4412d","_email":"f.armin8090@gmail.com","_firstName":"armin","_lastName":"fl","globalRole":"global:owner","credentialType":"httpHeaderAuth","credentialId":"ADbOJmb2kAyTAk7k","publicApi":false,"projectId":"FYFvbTjyGS1MZqLZ","projectType":"personal"}}
{"__type":"$$EventMessageConfirm","confirm":"3612fbe3-9eb1-4f17-9c64-42e057344e5e","ts":"2026-02-10T08:01:21.286+00:00","source":{"id":"0","name":"eventBus"}}
{"__type":"$$EventMessageWorkflow","id":"3db7f27f-e747-4717-9c12-9c733da3d3b4","ts":"2026-02-10T08:01:43.687+00:00","eventName":"n8n.workflow.started","message":"n8n.workflow.started","payload":{"executionId":"1","workflowId":"bYgBZRoB3ZizDrZwxuIsb","isManual":false,"workflowName":"My workflow 7"}}
{"__type":"$$EventMessageConfirm","confirm":"3db7f27f-e747-4717-9c12-9c733da3d3b4","ts":"2026-02-10T08:01:43.687+00:00","source":{"id":"0","name":"eventBus"}}
{"__type":"$$EventMessageAudit","id":"7a550f57-b9ad-4da7-9dd2-04de52883dcc","ts":"2026-02-10T08:01:43.688+00:00","eventName":"n8n.audit.workflow.executed","message":"n8n.audit.workflow.executed","payload":{"userId":"ef35603f-480f-4c41-8e22-a0f9dcd4412d","_email":"f.armin8090@gmail.com","_firstName":"armin","_lastName":"fl","globalRole":"global:owner","workflowId":"bYgBZRoB3ZizDrZwxuIsb","workflowName":"My workflow 7","executionId":"1","source":"user-manual"}}
{"__type":"$$EventMessageConfirm","confirm":"7a550f57-b9ad-4da7-9dd2-04de52883dcc","ts":"2026-02-10T08:01:43.688+00:00","source":{"id":"0","name":"eventBus"}}
{"__type":"$$EventMessageNode","id":"d464fb45-1285-40f0-82cf-ed13c8a9eedf","ts":"2026-02-10T08:01:43.689+00:00","eventName":"n8n.node.started","message":"n8n.node.started","payload":{"workflowId":"bYgBZRoB3ZizDrZwxuIsb","workflowName":"My workflow 7","executionId":"1","nodeType":"n8n-nodes-base.manualTrigger","nodeName":"When clicking ‘Execute workflow’","nodeId":"6d9257ea-a725-4ab8-8182-e6f0c3609eb4"}}
{"__type":"$$EventMessageConfirm","confirm":"d464fb45-1285-40f0-82cf-ed13c8a9eedf","ts":"2026-02-10T08:01:43.690+00:00","source":{"id":"0","name":"eventBus"}}
{"__type":"$$EventMessageNode","id":"158c0012-0ff5-49bc-a06c-785463b0e99f","ts":"2026-02-10T08:01:43.695+00:00","eventName":"n8n.node.finished","message":"n8n.node.finished","payload":{"workflowId":"bYgBZRoB3ZizDrZwxuIsb","workflowName":"My workflow 7","executionId":"1","nodeType":"n8n-nodes-base.manualTrigger","nodeName":"When clicking ‘Execute workflow’","nodeId":"6d9257ea-a725-4ab8-8182-e6f0c3609eb4"}}
{"__type":"$$EventMessageConfirm","confirm":"158c0012-0ff5-49bc-a06c-785463b0e99f","ts":"2026-02-10T08:01:43.695+00:00","source":{"id":"0","name":"eventBus"}}
{"__type":"$$EventMessageNode","id":"9c24ae48-fc5d-4e1b-a887-2add8c1b1e64","ts":"2026-02-10T08:01:43.697+00:00","eventName":"n8n.node.started","message":"n8n.node.started","payload":{"workflowId":"bYgBZRoB3ZizDrZwxuIsb","workflowName":"My workflow 7","executionId":"1","nodeType":"n8n-nodes-base.set","nodeName":"Edit Fields","nodeId":"9b01ffd3-c637-40c4-8bc8-1656df554145"}}
{"__type":"$$EventMessageConfirm","confirm":"9c24ae48-fc5d-4e1b-a887-2add8c1b1e64","ts":"2026-02-10T08:01:43.697+00:00","source":{"id":"0","name":"eventBus"}}
{"__type":"$$EventMessageNode","id":"1417a033-cb29-4f65-9cf5-9db18cd72aa0","ts":"2026-02-10T03:01:43.766-05:00","eventName":"n8n.node.finished","message":"n8n.node.finished","payload":{"workflowId":"bYgBZRoB3ZizDrZwxuIsb","workflowName":"My workflow 7","executionId":"1","nodeType":"n8n-nodes-base.set","nodeName":"Edit Fields","nodeId":"9b01ffd3-c637-40c4-8bc8-1656df554145"}}
{"__type":"$$EventMessageConfirm","confirm":"1417a033-cb29-4f65-9cf5-9db18cd72aa0","ts":"2026-02-10T03:01:43.766-05:00","source":{"id":"0","name":"eventBus"}}
{"__type":"$$EventMessageNode","id":"5ffc8127-eb8e-4172-a3d1-6568f6a65f44","ts":"2026-02-10T03:01:43.768-05:00","eventName":"n8n.node.started","message":"n8n.node.started","payload":{"workflowId":"bYgBZRoB3ZizDrZwxuIsb","workflowName":"My workflow 7","executionId":"1","nodeType":"n8n-nodes-base.graphql","nodeName":"GraphQL","nodeId":"85c618fd-0d30-4313-a135-ebcc755bd1ff"}}
{"__type":"$$EventMessageConfirm","confirm":"5ffc8127-eb8e-4172-a3d1-6568f6a65f44","ts":"2026-02-10T03:01:43.768-05:00","source":{"id":"0","name":"eventBus"}}
{"__type":"$$EventMessageNode","id":"84b8ce28-380c-4329-a906-c217d7ec458d","ts":"2026-02-10T03:01:46.013-05:00","eventName":"n8n.node.finished","message":"n8n.node.finished","payload":{"workflowId":"bYgBZRoB3ZizDrZwxuIsb","workflowName":"My workflow 7","executionId":"1","nodeType":"n8n-nodes-base.graphql","nodeName":"GraphQL","nodeId":"85c618fd-0d30-4313-a135-ebcc755bd1ff"}}
{"__type":"$$EventMessageConfirm","confirm":"84b8ce28-380c-4329-a906-c217d7ec458d","ts":"2026-02-10T03:01:46.013-05:00","source":{"id":"0","name":"eventBus"}}
{"__type":"$$EventMessageWorkflow","id":"7d192a0c-6e9a-4f67-8c7a-240e1602a12c","ts":"2026-02-10T03:01:46.026-05:00","eventName":"n8n.workflow.failed","message":"n8n.workflow.failed","payload":{"userId":"ef35603f-480f-4c41-8e22-a0f9dcd4412d","executionId":"1","success":false,"isManual":true,"workflowId":"bYgBZRoB3ZizDrZwxuIsb","workflowName":"My workflow 7","lastNodeExecuted":"GraphQL","errorNodeType":"n8n-nodes-base.graphql","errorMessage":"Unexpected error"}}
{"__type":"$$EventMessageConfirm","confirm":"7d192a0c-6e9a-4f67-8c7a-240e1602a12c","ts":"2026-02-10T03:01:46.027-05:00","source":{"id":"0","name":"eventBus"}}
{"__type":"$$EventMessageAudit","id":"905ce3a7-f688-4c47-abbe-2a892ff6fc24","ts":"2026-02-10T03:01:49.563-05:00","eventName":"n8n.audit.workflow.updated","message":"n8n.audit.workflow.updated","payload":{"userId":"ef35603f-480f-4c41-8e22-a0f9dcd4412d","_email":"f.armin8090@gmail.com","_firstName":"armin","_lastName":"fl","globalRole":"global:owner","workflowId":"bYgBZRoB3ZizDrZwxuIsb","workflowName":"My workflow 7"}}
{"__type":"$$EventMessageConfirm","confirm":"905ce3a7-f688-4c47-abbe-2a892ff6fc24","ts":"2026-02-10T03:01:49.563-05:00","source":{"id":"0","name":"eventBus"}}
{"__type":"$$EventMessageAudit","id":"7fc9ec4e-2676-4c83-abbe-a776f12784f9","ts":"2026-02-10T03:02:35.702-05:00","eventName":"n8n.audit.user.credentials.updated","message":"n8n.audit.user.credentials.updated","payload":{"userId":"ef35603f-480f-4c41-8e22-a0f9dcd4412d","_email":"f.armin8090@gmail.com","_firstName":"armin","_lastName":"fl","globalRole":"global:owner","credentialType":"httpHeaderAuth","credentialId":"ADbOJmb2kAyTAk7k"}}
{"__type":"$$EventMessageConfirm","confirm":"7fc9ec4e-2676-4c83-abbe-a776f12784f9","ts":"2026-02-10T03:02:35.703-05:00","source":{"id":"0","name":"eventBus"}}
{"__type":"$$EventMessageWorkflow","id":"9a6093ef-e047-4cd2-98fd-dd22f94744ec","ts":"2026-02-10T03:02:38.234-05:00","eventName":"n8n.workflow.started","message":"n8n.workflow.started","payload":{"executionId":"2","workflowId":"bYgBZRoB3ZizDrZwxuIsb","isManual":false,"workflowName":"My workflow 7"}}
{"__type":"$$EventMessageConfirm","confirm":"9a6093ef-e047-4cd2-98fd-dd22f94744ec","ts":"2026-02-10T03:02:38.234-05:00","source":{"id":"0","name":"eventBus"}}
{"__type":"$$EventMessageAudit","id":"e63c5955-f017-40c9-b8a4-5725fe8b68d6","ts":"2026-02-10T03:02:38.235-05:00","eventName":"n8n.audit.workflow.executed","message":"n8n.audit.workflow.executed","payload":{"userId":"ef35603f-480f-4c41-8e22-a0f9dcd4412d","_email":"f.armin8090@gmail.com","_firstName":"armin","_lastName":"fl","globalRole":"global:owner","workflowId":"bYgBZRoB3ZizDrZwxuIsb","workflowName":"My workflow 7","executionId":"2","source":"user-manual"}}
{"__type":"$$EventMessageConfirm","confirm":"e63c5955-f017-40c9-b8a4-5725fe8b68d6","ts":"2026-02-10T03:02:38.235-05:00","source":{"id":"0","name":"eventBus"}}
{"__type":"$$EventMessageNode","id":"b0fdcd82-874a-4c9a-a24d-95bee04fcd33","ts":"2026-02-10T03:02:38.237-05:00","eventName":"n8n.node.started","message":"n8n.node.started","payload":{"workflowId":"bYgBZRoB3ZizDrZwxuIsb","workflowName":"My workflow 7","executionId":"2","nodeType":"n8n-nodes-base.graphql","nodeName":"GraphQL","nodeId":"85c618fd-0d30-4313-a135-ebcc755bd1ff"}}
{"__type":"$$EventMessageConfirm","confirm":"b0fdcd82-874a-4c9a-a24d-95bee04fcd33","ts":"2026-02-10T03:02:38.237-05:00","source":{"id":"0","name":"eventBus"}}
{"__type":"$$EventMessageNode","id":"2847d74d-b97e-4e22-81f8-a76d5bfee6a6","ts":"2026-02-10T03:02:38.975-05:00","eventName":"n8n.node.finished","message":"n8n.node.finished","payload":{"workflowId":"bYgBZRoB3ZizDrZwxuIsb","workflowName":"My workflow 7","executionId":"2","nodeType":"n8n-nodes-base.graphql","nodeName":"GraphQL","nodeId":"85c618fd-0d30-4313-a135-ebcc755bd1ff"}}
{"__type":"$$EventMessageConfirm","confirm":"2847d74d-b97e-4e22-81f8-a76d5bfee6a6","ts":"2026-02-10T03:02:38.975-05:00","source":{"id":"0","name":"eventBus"}}
{"__type":"$$EventMessageWorkflow","id":"4b792cdc-224f-41f1-8d49-3687bb0f4a49","ts":"2026-02-10T03:02:38.980-05:00","eventName":"n8n.workflow.success","message":"n8n.workflow.success","payload":{"userId":"ef35603f-480f-4c41-8e22-a0f9dcd4412d","executionId":"2","success":true,"isManual":true,"workflowId":"bYgBZRoB3ZizDrZwxuIsb","workflowName":"My workflow 7"}}
{"__type":"$$EventMessageConfirm","confirm":"4b792cdc-224f-41f1-8d49-3687bb0f4a49","ts":"2026-02-10T03:02:38.980-05:00","source":{"id":"0","name":"eventBus"}}
{"__type":"$$EventMessageWorkflow","id":"03fe1925-d050-4d5f-9ea0-c4609383147d","ts":"2026-02-10T03:02:53.288-05:00","eventName":"n8n.workflow.started","message":"n8n.workflow.started","payload":{"executionId":"3","workflowId":"bYgBZRoB3ZizDrZwxuIsb","isManual":false,"workflowName":"My workflow 7"}}
{"__type":"$$EventMessageConfirm","confirm":"03fe1925-d050-4d5f-9ea0-c4609383147d","ts":"2026-02-10T03:02:53.288-05:00","source":{"id":"0","name":"eventBus"}}
{"__type":"$$EventMessageAudit","id":"0759ed04-df82-41a6-ae06-662aa2a521bd","ts":"2026-02-10T03:02:53.289-05:00","eventName":"n8n.audit.workflow.executed","message":"n8n.audit.workflow.executed","payload":{"userId":"ef35603f-480f-4c41-8e22-a0f9dcd4412d","_email":"f.armin8090@gmail.com","_firstName":"armin","_lastName":"fl","globalRole":"global:owner","workflowId":"bYgBZRoB3ZizDrZwxuIsb","workflowName":"My workflow 7","executionId":"3","source":"user-manual"}}
{"__type":"$$EventMessageConfirm","confirm":"0759ed04-df82-41a6-ae06-662aa2a521bd","ts":"2026-02-10T03:02:53.289-05:00","source":{"id":"0","name":"eventBus"}}
{"__type":"$$EventMessageNode","id":"37aaa189-23a9-43fd-a68b-8931c5a62a00","ts":"2026-02-10T03:02:53.291-05:00","eventName":"n8n.node.started","message":"n8n.node.started","payload":{"workflowId":"bYgBZRoB3ZizDrZwxuIsb","workflowName":"My workflow 7","executionId":"3","nodeType":"n8n-nodes-base.manualTrigger","nodeName":"When clicking ‘Execute workflow’","nodeId":"6d9257ea-a725-4ab8-8182-e6f0c3609eb4"}}
{"__type":"$$EventMessageConfirm","confirm":"37aaa189-23a9-43fd-a68b-8931c5a62a00","ts":"2026-02-10T03:02:53.291-05:00","source":{"id":"0","name":"eventBus"}}
{"__type":"$$EventMessageNode","id":"450069ae-b56d-4af1-bc7d-adb5469232d0","ts":"2026-02-10T03:02:53.296-05:00","eventName":"n8n.node.finished","message":"n8n.node.finished","payload":{"workflowId":"bYgBZRoB3ZizDrZwxuIsb","workflowName":"My workflow 7","executionId":"3","nodeType":"n8n-nodes-base.manualTrigger","nodeName":"When clicking ‘Execute workflow’","nodeId":"6d9257ea-a725-4ab8-8182-e6f0c3609eb4"}}
{"__type":"$$EventMessageConfirm","confirm":"450069ae-b56d-4af1-bc7d-adb5469232d0","ts":"2026-02-10T03:02:53.296-05:00","source":{"id":"0","name":"eventBus"}}
{"__type":"$$EventMessageNode","id":"58df8b26-6cdb-4b7b-ba64-b3c64782c9ab","ts":"2026-02-10T03:02:53.297-05:00","eventName":"n8n.node.started","message":"n8n.node.started","payload":{"workflowId":"bYgBZRoB3ZizDrZwxuIsb","workflowName":"My workflow 7","executionId":"3","nodeType":"n8n-nodes-base.set","nodeName":"Edit Fields","nodeId":"9b01ffd3-c637-40c4-8bc8-1656df554145"}}
{"__type":"$$EventMessageConfirm","confirm":"58df8b26-6cdb-4b7b-ba64-b3c64782c9ab","ts":"2026-02-10T03:02:53.298-05:00","source":{"id":"0","name":"eventBus"}}
{"__type":"$$EventMessageNode","id":"0ea39fbb-7b6e-4912-a974-d7a2d1f03d7b","ts":"2026-02-10T03:02:53.306-05:00","eventName":"n8n.node.finished","message":"n8n.node.finished","payload":{"workflowId":"bYgBZRoB3ZizDrZwxuIsb","workflowName":"My workflow 7","executionId":"3","nodeType":"n8n-nodes-base.set","nodeName":"Edit Fields","nodeId":"9b01ffd3-c637-40c4-8bc8-1656df554145"}}
{"__type":"$$EventMessageConfirm","confirm":"0ea39fbb-7b6e-4912-a974-d7a2d1f03d7b","ts":"2026-02-10T03:02:53.306-05:00","source":{"id":"0","name":"eventBus"}}
{"__type":"$$EventMessageNode","id":"45aba4fe-11df-4d2e-ad52-cea669b30cf3","ts":"2026-02-10T03:02:53.308-05:00","eventName":"n8n.node.started","message":"n8n.node.started","payload":{"workflowId":"bYgBZRoB3ZizDrZwxuIsb","workflowName":"My workflow 7","executionId":"3","nodeType":"n8n-nodes-base.graphql","nodeName":"GraphQL","nodeId":"85c618fd-0d30-4313-a135-ebcc755bd1ff"}}
{"__type":"$$EventMessageConfirm","confirm":"45aba4fe-11df-4d2e-ad52-cea669b30cf3","ts":"2026-02-10T03:02:53.309-05:00","source":{"id":"0","name":"eventBus"}}
{"__type":"$$EventMessageNode","id":"93619edd-2680-4c5a-a8e8-bb28da6bab02","ts":"2026-02-10T03:02:55.170-05:00","eventName":"n8n.node.finished","message":"n8n.node.finished","payload":{"workflowId":"bYgBZRoB3ZizDrZwxuIsb","workflowName":"My workflow 7","executionId":"3","nodeType":"n8n-nodes-base.graphql","nodeName":"GraphQL","nodeId":"85c618fd-0d30-4313-a135-ebcc755bd1ff"}}
{"__type":"$$EventMessageConfirm","confirm":"93619edd-2680-4c5a-a8e8-bb28da6bab02","ts":"2026-02-10T03:02:55.170-05:00","source":{"id":"0","name":"eventBus"}}
{"__type":"$$EventMessageNode","id":"3f6d247f-d676-48af-a88e-0deb73f3a509","ts":"2026-02-10T03:02:55.172-05:00","eventName":"n8n.node.started","message":"n8n.node.started","payload":{"workflowId":"bYgBZRoB3ZizDrZwxuIsb","workflowName":"My workflow 7","executionId":"3","nodeType":"n8n-nodes-base.code","nodeName":"Process & Aggregate","nodeId":"065dee17-5a6c-47ab-b5b5-c00d4151f4cc"}}
{"__type":"$$EventMessageConfirm","confirm":"3f6d247f-d676-48af-a88e-0deb73f3a509","ts":"2026-02-10T03:02:55.172-05:00","source":{"id":"0","name":"eventBus"}}
{"__type":"$$EventMessageRunner","id":"e0366239-bb14-48e2-9a09-a8ac03513764","ts":"2026-02-10T03:02:55.178-05:00","eventName":"n8n.runner.task.requested","message":"n8n.runner.task.requested","payload":{"taskId":"4wqsev_5","nodeId":"065dee17-5a6c-47ab-b5b5-c00d4151f4cc","workflowId":"bYgBZRoB3ZizDrZwxuIsb","executionId":"3"}}
{"__type":"$$EventMessageConfirm","confirm":"e0366239-bb14-48e2-9a09-a8ac03513764","ts":"2026-02-10T03:02:55.178-05:00","source":{"id":"0","name":"eventBus"}}
{"__type":"$$EventMessageRunner","id":"bf7031ff-af36-450d-aea4-cd1b7ecfd453","ts":"2026-02-10T03:02:55.236-05:00","eventName":"n8n.runner.response.received","message":"n8n.runner.response.received","payload":{"taskId":"4wqsev_5","nodeId":"065dee17-5a6c-47ab-b5b5-c00d4151f4cc","workflowId":"bYgBZRoB3ZizDrZwxuIsb","executionId":"3"}}
{"__type":"$$EventMessageConfirm","confirm":"bf7031ff-af36-450d-aea4-cd1b7ecfd453","ts":"2026-02-10T03:02:55.236-05:00","source":{"id":"0","name":"eventBus"}}
{"__type":"$$EventMessageNode","id":"4c54f0f9-0dd9-4601-b20a-e9b74057f684","ts":"2026-02-10T03:02:55.238-05:00","eventName":"n8n.node.finished","message":"n8n.node.finished","payload":{"workflowId":"bYgBZRoB3ZizDrZwxuIsb","workflowName":"My workflow 7","executionId":"3","nodeType":"n8n-nodes-base.code","nodeName":"Process & Aggregate","nodeId":"065dee17-5a6c-47ab-b5b5-c00d4151f4cc"}}
{"__type":"$$EventMessageConfirm","confirm":"4c54f0f9-0dd9-4601-b20a-e9b74057f684","ts":"2026-02-10T03:02:55.238-05:00","source":{"id":"0","name":"eventBus"}}
{"__type":"$$EventMessageNode","id":"473daf8c-4eea-4e66-a15b-717cc8ade958","ts":"2026-02-10T03:02:55.240-05:00","eventName":"n8n.node.started","message":"n8n.node.started","payload":{"workflowId":"bYgBZRoB3ZizDrZwxuIsb","workflowName":"My workflow 7","executionId":"3","nodeType":"n8n-nodes-base.if","nodeName":"Check Loop","nodeId":"824f9127-f9f5-4575-8053-a5d7154cdedc"}}
{"__type":"$$EventMessageConfirm","confirm":"473daf8c-4eea-4e66-a15b-717cc8ade958","ts":"2026-02-10T03:02:55.240-05:00","source":{"id":"0","name":"eventBus"}}
{"__type":"$$EventMessageNode","id":"2e12ee64-b46f-4eda-81d5-7ee38f7fef0b","ts":"2026-02-10T03:02:55.248-05:00","eventName":"n8n.node.finished","message":"n8n.node.finished","payload":{"workflowId":"bYgBZRoB3ZizDrZwxuIsb","workflowName":"My workflow 7","executionId":"3","nodeType":"n8n-nodes-base.if","nodeName":"Check Loop","nodeId":"824f9127-f9f5-4575-8053-a5d7154cdedc"}}
{"__type":"$$EventMessageConfirm","confirm":"2e12ee64-b46f-4eda-81d5-7ee38f7fef0b","ts":"2026-02-10T03:02:55.248-05:00","source":{"id":"0","name":"eventBus"}}
{"__type":"$$EventMessageNode","id":"8e8532cf-7860-42ec-98dd-6d54cccc5b48","ts":"2026-02-10T03:02:55.249-05:00","eventName":"n8n.node.started","message":"n8n.node.started","payload":{"workflowId":"bYgBZRoB3ZizDrZwxuIsb","workflowName":"My workflow 7","executionId":"3","nodeType":"n8n-nodes-base.set","nodeName":"Update Cursor","nodeId":"a9e832e9-6cc0-4bbf-a132-12f93c59bc6e"}}
{"__type":"$$EventMessageConfirm","confirm":"8e8532cf-7860-42ec-98dd-6d54cccc5b48","ts":"2026-02-10T03:02:55.249-05:00","source":{"id":"0","name":"eventBus"}}
{"__type":"$$EventMessageNode","id":"3a690f1a-d28f-4fb9-81c6-5ce7b26d4ac4","ts":"2026-02-10T03:02:55.257-05:00","eventName":"n8n.node.finished","message":"n8n.node.finished","payload":{"workflowId":"bYgBZRoB3ZizDrZwxuIsb","workflowName":"My workflow 7","executionId":"3","nodeType":"n8n-nodes-base.set","nodeName":"Update Cursor","nodeId":"a9e832e9-6cc0-4bbf-a132-12f93c59bc6e"}}
{"__type":"$$EventMessageConfirm","confirm":"3a690f1a-d28f-4fb9-81c6-5ce7b26d4ac4","ts":"2026-02-10T03:02:55.257-05:00","source":{"id":"0","name":"eventBus"}}
{"__type":"$$EventMessageNode","id":"c8b45fff-bdfc-4062-ae52-a7725159605d","ts":"2026-02-10T03:02:55.258-05:00","eventName":"n8n.node.started","message":"n8n.node.started","payload":{"workflowId":"bYgBZRoB3ZizDrZwxuIsb","workflowName":"My workflow 7","executionId":"3","nodeType":"n8n-nodes-base.wait","nodeName":"Wait","nodeId":"d4555a9c-319f-4576-8813-c6f706b3ad00"}}
{"__type":"$$EventMessageConfirm","confirm":"c8b45fff-bdfc-4062-ae52-a7725159605d","ts":"2026-02-10T03:02:55.258-05:00","source":{"id":"0","name":"eventBus"}}
{"__type":"$$EventMessageNode","id":"727ff92d-b88c-4816-b2f7-7c0cc4abb5bb","ts":"2026-02-10T03:02:57.261-05:00","eventName":"n8n.node.finished","message":"n8n.node.finished","payload":{"workflowId":"bYgBZRoB3ZizDrZwxuIsb","workflowName":"My workflow 7","executionId":"3","nodeType":"n8n-nodes-base.wait","nodeName":"Wait","nodeId":"d4555a9c-319f-4576-8813-c6f706b3ad00"}}
{"__type":"$$EventMessageConfirm","confirm":"727ff92d-b88c-4816-b2f7-7c0cc4abb5bb","ts":"2026-02-10T03:02:57.261-05:00","source":{"id":"0","name":"eventBus"}}
{"__type":"$$EventMessageNode","id":"b28ac31b-b98a-4e16-bbaa-e172ac608242","ts":"2026-02-10T03:02:57.262-05:00","eventName":"n8n.node.started","message":"n8n.node.started","payload":{"workflowId":"bYgBZRoB3ZizDrZwxuIsb","workflowName":"My workflow 7","executionId":"3","nodeType":"n8n-nodes-base.graphql","nodeName":"GraphQL","nodeId":"85c618fd-0d30-4313-a135-ebcc755bd1ff"}}
{"__type":"$$EventMessageConfirm","confirm":"b28ac31b-b98a-4e16-bbaa-e172ac608242","ts":"2026-02-10T03:02:57.262-05:00","source":{"id":"0","name":"eventBus"}}
{"__type":"$$EventMessageNode","id":"0803031d-3b38-4e52-9c48-63177865240c","ts":"2026-02-10T03:02:58.409-05:00","eventName":"n8n.node.finished","message":"n8n.node.finished","payload":{"workflowId":"bYgBZRoB3ZizDrZwxuIsb","workflowName":"My workflow 7","executionId":"3","nodeType":"n8n-nodes-base.graphql","nodeName":"GraphQL","nodeId":"85c618fd-0d30-4313-a135-ebcc755bd1ff"}}
{"__type":"$$EventMessageConfirm","confirm":"0803031d-3b38-4e52-9c48-63177865240c","ts":"2026-02-10T03:02:58.409-05:00","source":{"id":"0","name":"eventBus"}}
{"__type":"$$EventMessageNode","id":"38cf2f0b-dc4a-4c82-90db-ea622c85cc72","ts":"2026-02-10T03:02:58.411-05:00","eventName":"n8n.node.started","message":"n8n.node.started","payload":{"workflowId":"bYgBZRoB3ZizDrZwxuIsb","workflowName":"My workflow 7","executionId":"3","nodeType":"n8n-nodes-base.code","nodeName":"Process & Aggregate","nodeId":"065dee17-5a6c-47ab-b5b5-c00d4151f4cc"}}
{"__type":"$$EventMessageConfirm","confirm":"38cf2f0b-dc4a-4c82-90db-ea622c85cc72","ts":"2026-02-10T03:02:58.411-05:00","source":{"id":"0","name":"eventBus"}}
{"__type":"$$EventMessageRunner","id":"331d234b-0fe1-4a09-a2d2-0bb391174d66","ts":"2026-02-10T03:02:58.414-05:00","eventName":"n8n.runner.task.requested","message":"n8n.runner.task.requested","payload":{"taskId":"pxY3fcyq","nodeId":"065dee17-5a6c-47ab-b5b5-c00d4151f4cc","workflowId":"bYgBZRoB3ZizDrZwxuIsb","executionId":"3"}}
{"__type":"$$EventMessageConfirm","confirm":"331d234b-0fe1-4a09-a2d2-0bb391174d66","ts":"2026-02-10T03:02:58.415-05:00","source":{"id":"0","name":"eventBus"}}
{"__type":"$$EventMessageRunner","id":"0c051884-485f-4f99-88db-75b8826893a3","ts":"2026-02-10T03:02:58.426-05:00","eventName":"n8n.runner.response.received","message":"n8n.runner.response.received","payload":{"taskId":"pxY3fcyq","nodeId":"065dee17-5a6c-47ab-b5b5-c00d4151f4cc","workflowId":"bYgBZRoB3ZizDrZwxuIsb","executionId":"3"}}
{"__type":"$$EventMessageConfirm","confirm":"0c051884-485f-4f99-88db-75b8826893a3","ts":"2026-02-10T03:02:58.426-05:00","source":{"id":"0","name":"eventBus"}}
{"__type":"$$EventMessageNode","id":"29bc77e3-048e-4fea-93f3-583e08cbae73","ts":"2026-02-10T03:02:58.426-05:00","eventName":"n8n.node.finished","message":"n8n.node.finished","payload":{"workflowId":"bYgBZRoB3ZizDrZwxuIsb","workflowName":"My workflow 7","executionId":"3","nodeType":"n8n-nodes-base.code","nodeName":"Process & Aggregate","nodeId":"065dee17-5a6c-47ab-b5b5-c00d4151f4cc"}}
{"__type":"$$EventMessageConfirm","confirm":"29bc77e3-048e-4fea-93f3-583e08cbae73","ts":"2026-02-10T03:02:58.426-05:00","source":{"id":"0","name":"eventBus"}}
{"__type":"$$EventMessageNode","id":"ddfa07a9-80a9-4c19-8621-2caa8a16b2aa","ts":"2026-02-10T03:02:58.427-05:00","eventName":"n8n.node.started","message":"n8n.node.started","payload":{"workflowId":"bYgBZRoB3ZizDrZwxuIsb","workflowName":"My workflow 7","executionId":"3","nodeType":"n8n-nodes-base.if","nodeName":"Check Loop","nodeId":"824f9127-f9f5-4575-8053-a5d7154cdedc"}}
{"__type":"$$EventMessageConfirm","confirm":"ddfa07a9-80a9-4c19-8621-2caa8a16b2aa","ts":"2026-02-10T03:02:58.427-05:00","source":{"id":"0","name":"eventBus"}}
{"__type":"$$EventMessageNode","id":"73cddbbb-4da4-4b9f-bbcd-8ab904625e20","ts":"2026-02-10T03:02:58.428-05:00","eventName":"n8n.node.finished","message":"n8n.node.finished","payload":{"workflowId":"bYgBZRoB3ZizDrZwxuIsb","workflowName":"My workflow 7","executionId":"3","nodeType":"n8n-nodes-base.if","nodeName":"Check Loop","nodeId":"824f9127-f9f5-4575-8053-a5d7154cdedc"}}
{"__type":"$$EventMessageConfirm","confirm":"73cddbbb-4da4-4b9f-bbcd-8ab904625e20","ts":"2026-02-10T03:02:58.429-05:00","source":{"id":"0","name":"eventBus"}}
{"__type":"$$EventMessageNode","id":"b5e58ea3-315e-4483-b5ca-99a0dd2cd660","ts":"2026-02-10T03:02:58.429-05:00","eventName":"n8n.node.started","message":"n8n.node.started","payload":{"workflowId":"bYgBZRoB3ZizDrZwxuIsb","workflowName":"My workflow 7","executionId":"3","nodeType":"n8n-nodes-base.set","nodeName":"Update Cursor","nodeId":"a9e832e9-6cc0-4bbf-a132-12f93c59bc6e"}}
{"__type":"$$EventMessageConfirm","confirm":"b5e58ea3-315e-4483-b5ca-99a0dd2cd660","ts":"2026-02-10T03:02:58.429-05:00","source":{"id":"0","name":"eventBus"}}
{"__type":"$$EventMessageNode","id":"2c15db9c-bcee-4a9b-b63c-e40f6244dad7","ts":"2026-02-10T03:02:58.430-05:00","eventName":"n8n.node.finished","message":"n8n.node.finished","payload":{"workflowId":"bYgBZRoB3ZizDrZwxuIsb","workflowName":"My workflow 7","executionId":"3","nodeType":"n8n-nodes-base.set","nodeName":"Update Cursor","nodeId":"a9e832e9-6cc0-4bbf-a132-12f93c59bc6e"}}
{"__type":"$$EventMessageConfirm","confirm":"2c15db9c-bcee-4a9b-b63c-e40f6244dad7","ts":"2026-02-10T03:02:58.431-05:00","source":{"id":"0","name":"eventBus"}}
{"__type":"$$EventMessageNode","id":"cddbce8b-a254-4f31-ab95-7fa50c2f24bf","ts":"2026-02-10T03:02:58.431-05:00","eventName":"n8n.node.started","message":"n8n.node.started","payload":{"workflowId":"bYgBZRoB3ZizDrZwxuIsb","workflowName":"My workflow 7","executionId":"3","nodeType":"n8n-nodes-base.wait","nodeName":"Wait","nodeId":"d4555a9c-319f-4576-8813-c6f706b3ad00"}}
{"__type":"$$EventMessageConfirm","confirm":"cddbce8b-a254-4f31-ab95-7fa50c2f24bf","ts":"2026-02-10T03:02:58.431-05:00","source":{"id":"0","name":"eventBus"}}
{"__type":"$$EventMessageNode","id":"7a58ebe5-5f3f-48ef-b754-1520b1c95d7f","ts":"2026-02-10T03:03:00.433-05:00","eventName":"n8n.node.finished","message":"n8n.node.finished","payload":{"workflowId":"bYgBZRoB3ZizDrZwxuIsb","workflowName":"My workflow 7","executionId":"3","nodeType":"n8n-nodes-base.wait","nodeName":"Wait","nodeId":"d4555a9c-319f-4576-8813-c6f706b3ad00"}}
{"__type":"$$EventMessageConfirm","confirm":"7a58ebe5-5f3f-48ef-b754-1520b1c95d7f","ts":"2026-02-10T03:03:00.433-05:00","source":{"id":"0","name":"eventBus"}}
{"__type":"$$EventMessageNode","id":"46ab9d0c-18ec-414b-9827-e9c5bfc5e41f","ts":"2026-02-10T03:03:00.434-05:00","eventName":"n8n.node.started","message":"n8n.node.started","payload":{"workflowId":"bYgBZRoB3ZizDrZwxuIsb","workflowName":"My workflow 7","executionId":"3","nodeType":"n8n-nodes-base.graphql","nodeName":"GraphQL","nodeId":"85c618fd-0d30-4313-a135-ebcc755bd1ff"}}
{"__type":"$$EventMessageConfirm","confirm":"46ab9d0c-18ec-414b-9827-e9c5bfc5e41f","ts":"2026-02-10T03:03:00.434-05:00","source":{"id":"0","name":"eventBus"}}
{"__type":"$$EventMessageNode","id":"fb85e347-b2d5-46db-b08a-0c8b40094e80","ts":"2026-02-10T03:03:02.376-05:00","eventName":"n8n.node.finished","message":"n8n.node.finished","payload":{"workflowId":"bYgBZRoB3ZizDrZwxuIsb","workflowName":"My workflow 7","executionId":"3","nodeType":"n8n-nodes-base.graphql","nodeName":"GraphQL","nodeId":"85c618fd-0d30-4313-a135-ebcc755bd1ff"}}
{"__type":"$$EventMessageConfirm","confirm":"fb85e347-b2d5-46db-b08a-0c8b40094e80","ts":"2026-02-10T03:03:02.377-05:00","source":{"id":"0","name":"eventBus"}}
{"__type":"$$EventMessageNode","id":"bd837f28-9cda-4da1-8911-9e2e6c0ababe","ts":"2026-02-10T03:03:02.378-05:00","eventName":"n8n.node.started","message":"n8n.node.started","payload":{"workflowId":"bYgBZRoB3ZizDrZwxuIsb","workflowName":"My workflow 7","executionId":"3","nodeType":"n8n-nodes-base.code","nodeName":"Process & Aggregate","nodeId":"065dee17-5a6c-47ab-b5b5-c00d4151f4cc"}}
{"__type":"$$EventMessageConfirm","confirm":"bd837f28-9cda-4da1-8911-9e2e6c0ababe","ts":"2026-02-10T03:03:02.378-05:00","source":{"id":"0","name":"eventBus"}}
{"__type":"$$EventMessageRunner","id":"76af91e3-4ba8-40a4-a74c-f5a104484e4b","ts":"2026-02-10T03:03:02.382-05:00","eventName":"n8n.runner.task.requested","message":"n8n.runner.task.requested","payload":{"taskId":"SxpgldCg","nodeId":"065dee17-5a6c-47ab-b5b5-c00d4151f4cc","workflowId":"bYgBZRoB3ZizDrZwxuIsb","executionId":"3"}}
{"__type":"$$EventMessageConfirm","confirm":"76af91e3-4ba8-40a4-a74c-f5a104484e4b","ts":"2026-02-10T03:03:02.382-05:00","source":{"id":"0","name":"eventBus"}}
{"__type":"$$EventMessageRunner","id":"5a6a875d-1e50-413b-b15b-e3c0355b9cc1","ts":"2026-02-10T03:03:02.397-05:00","eventName":"n8n.runner.response.received","message":"n8n.runner.response.received","payload":{"taskId":"SxpgldCg","nodeId":"065dee17-5a6c-47ab-b5b5-c00d4151f4cc","workflowId":"bYgBZRoB3ZizDrZwxuIsb","executionId":"3"}}
{"__type":"$$EventMessageConfirm","confirm":"5a6a875d-1e50-413b-b15b-e3c0355b9cc1","ts":"2026-02-10T03:03:02.397-05:00","source":{"id":"0","name":"eventBus"}}
{"__type":"$$EventMessageNode","id":"9baaab6e-3bc5-4dcd-9413-d4763d577d17","ts":"2026-02-10T03:03:02.399-05:00","eventName":"n8n.node.finished","message":"n8n.node.finished","payload":{"workflowId":"bYgBZRoB3ZizDrZwxuIsb","workflowName":"My workflow 7","executionId":"3","nodeType":"n8n-nodes-base.code","nodeName":"Process & Aggregate","nodeId":"065dee17-5a6c-47ab-b5b5-c00d4151f4cc"}}
{"__type":"$$EventMessageConfirm","confirm":"9baaab6e-3bc5-4dcd-9413-d4763d577d17","ts":"2026-02-10T03:03:02.400-05:00","source":{"id":"0","name":"eventBus"}}
{"__type":"$$EventMessageNode","id":"a78a9c8d-fadd-4ab1-a90f-cea390a3bbcc","ts":"2026-02-10T03:03:02.402-05:00","eventName":"n8n.node.started","message":"n8n.node.started","payload":{"workflowId":"bYgBZRoB3ZizDrZwxuIsb","workflowName":"My workflow 7","executionId":"3","nodeType":"n8n-nodes-base.if","nodeName":"Check Loop","nodeId":"824f9127-f9f5-4575-8053-a5d7154cdedc"}}
{"__type":"$$EventMessageConfirm","confirm":"a78a9c8d-fadd-4ab1-a90f-cea390a3bbcc","ts":"2026-02-10T03:03:02.403-05:00","source":{"id":"0","name":"eventBus"}}
{"__type":"$$EventMessageNode","id":"3e31f774-322f-4fac-a310-654edd7d1688","ts":"2026-02-10T03:03:02.405-05:00","eventName":"n8n.node.finished","message":"n8n.node.finished","payload":{"workflowId":"bYgBZRoB3ZizDrZwxuIsb","workflowName":"My workflow 7","executionId":"3","nodeType":"n8n-nodes-base.if","nodeName":"Check Loop","nodeId":"824f9127-f9f5-4575-8053-a5d7154cdedc"}}
{"__type":"$$EventMessageConfirm","confirm":"3e31f774-322f-4fac-a310-654edd7d1688","ts":"2026-02-10T03:03:02.405-05:00","source":{"id":"0","name":"eventBus"}}
{"__type":"$$EventMessageNode","id":"46b1d166-d96c-4c1f-89d4-96b1d2961199","ts":"2026-02-10T03:03:02.406-05:00","eventName":"n8n.node.started","message":"n8n.node.started","payload":{"workflowId":"bYgBZRoB3ZizDrZwxuIsb","workflowName":"My workflow 7","executionId":"3","nodeType":"n8n-nodes-base.set","nodeName":"Update Cursor","nodeId":"a9e832e9-6cc0-4bbf-a132-12f93c59bc6e"}}
{"__type":"$$EventMessageConfirm","confirm":"46b1d166-d96c-4c1f-89d4-96b1d2961199","ts":"2026-02-10T03:03:02.407-05:00","source":{"id":"0","name":"eventBus"}}
{"__type":"$$EventMessageNode","id":"ec4fe439-7522-4a5a-bcb2-89ac457a5465","ts":"2026-02-10T03:03:02.408-05:00","eventName":"n8n.node.finished","message":"n8n.node.finished","payload":{"workflowId":"bYgBZRoB3ZizDrZwxuIsb","workflowName":"My workflow 7","executionId":"3","nodeType":"n8n-nodes-base.set","nodeName":"Update Cursor","nodeId":"a9e832e9-6cc0-4bbf-a132-12f93c59bc6e"}}
{"__type":"$$EventMessageConfirm","confirm":"ec4fe439-7522-4a5a-bcb2-89ac457a5465","ts":"2026-02-10T03:03:02.408-05:00","source":{"id":"0","name":"eventBus"}}
{"__type":"$$EventMessageNode","id":"50588424-26be-41ab-8871-4ab37c62e580","ts":"2026-02-10T03:03:02.409-05:00","eventName":"n8n.node.started","message":"n8n.node.started","payload":{"workflowId":"bYgBZRoB3ZizDrZwxuIsb","workflowName":"My workflow 7","executionId":"3","nodeType":"n8n-nodes-base.wait","nodeName":"Wait","nodeId":"d4555a9c-319f-4576-8813-c6f706b3ad00"}}
{"__type":"$$EventMessageConfirm","confirm":"50588424-26be-41ab-8871-4ab37c62e580","ts":"2026-02-10T03:03:02.409-05:00","source":{"id":"0","name":"eventBus"}}
{"__type":"$$EventMessageNode","id":"095caf9d-de8c-426e-a50b-2c74ea1a8c95","ts":"2026-02-10T03:03:04.413-05:00","eventName":"n8n.node.finished","message":"n8n.node.finished","payload":{"workflowId":"bYgBZRoB3ZizDrZwxuIsb","workflowName":"My workflow 7","executionId":"3","nodeType":"n8n-nodes-base.wait","nodeName":"Wait","nodeId":"d4555a9c-319f-4576-8813-c6f706b3ad00"}}
{"__type":"$$EventMessageConfirm","confirm":"095caf9d-de8c-426e-a50b-2c74ea1a8c95","ts":"2026-02-10T03:03:04.413-05:00","source":{"id":"0","name":"eventBus"}}
{"__type":"$$EventMessageNode","id":"b0db5684-428c-4a86-a43e-dd6452f006b5","ts":"2026-02-10T03:03:04.415-05:00","eventName":"n8n.node.started","message":"n8n.node.started","payload":{"workflowId":"bYgBZRoB3ZizDrZwxuIsb","workflowName":"My workflow 7","executionId":"3","nodeType":"n8n-nodes-base.graphql","nodeName":"GraphQL","nodeId":"85c618fd-0d30-4313-a135-ebcc755bd1ff"}}
{"__type":"$$EventMessageConfirm","confirm":"b0db5684-428c-4a86-a43e-dd6452f006b5","ts":"2026-02-10T03:03:04.415-05:00","source":{"id":"0","name":"eventBus"}}
{"__type":"$$EventMessageNode","id":"0ab74116-fcda-4b2a-8a80-3e838b2b51b4","ts":"2026-02-10T03:03:06.702-05:00","eventName":"n8n.node.finished","message":"n8n.node.finished","payload":{"workflowId":"bYgBZRoB3ZizDrZwxuIsb","workflowName":"My workflow 7","executionId":"3","nodeType":"n8n-nodes-base.graphql","nodeName":"GraphQL","nodeId":"85c618fd-0d30-4313-a135-ebcc755bd1ff"}}
{"__type":"$$EventMessageConfirm","confirm":"0ab74116-fcda-4b2a-8a80-3e838b2b51b4","ts":"2026-02-10T03:03:06.702-05:00","source":{"id":"0","name":"eventBus"}}
{"__type":"$$EventMessageNode","id":"6f4a8c9b-6743-477d-8f2a-3733dedfd51a","ts":"2026-02-10T03:03:06.703-05:00","eventName":"n8n.node.started","message":"n8n.node.started","payload":{"workflowId":"bYgBZRoB3ZizDrZwxuIsb","workflowName":"My workflow 7","executionId":"3","nodeType":"n8n-nodes-base.code","nodeName":"Process & Aggregate","nodeId":"065dee17-5a6c-47ab-b5b5-c00d4151f4cc"}}
{"__type":"$$EventMessageConfirm","confirm":"6f4a8c9b-6743-477d-8f2a-3733dedfd51a","ts":"2026-02-10T03:03:06.703-05:00","source":{"id":"0","name":"eventBus"}}
{"__type":"$$EventMessageRunner","id":"daf2abfe-ed4e-41f2-a40e-5c4b7bcc59ee","ts":"2026-02-10T03:03:06.706-05:00","eventName":"n8n.runner.task.requested","message":"n8n.runner.task.requested","payload":{"taskId":"0WeEz_Ij","nodeId":"065dee17-5a6c-47ab-b5b5-c00d4151f4cc","workflowId":"bYgBZRoB3ZizDrZwxuIsb","executionId":"3"}}
{"__type":"$$EventMessageConfirm","confirm":"daf2abfe-ed4e-41f2-a40e-5c4b7bcc59ee","ts":"2026-02-10T03:03:06.706-05:00","source":{"id":"0","name":"eventBus"}}
{"__type":"$$EventMessageRunner","id":"88c5b707-13bc-44f0-a1be-df21bb3bc895","ts":"2026-02-10T03:03:06.719-05:00","eventName":"n8n.runner.response.received","message":"n8n.runner.response.received","payload":{"taskId":"0WeEz_Ij","nodeId":"065dee17-5a6c-47ab-b5b5-c00d4151f4cc","workflowId":"bYgBZRoB3ZizDrZwxuIsb","executionId":"3"}}
{"__type":"$$EventMessageConfirm","confirm":"88c5b707-13bc-44f0-a1be-df21bb3bc895","ts":"2026-02-10T03:03:06.719-05:00","source":{"id":"0","name":"eventBus"}}
{"__type":"$$EventMessageNode","id":"9d18f7c7-257c-466c-8fa7-d9ae9d15c676","ts":"2026-02-10T03:03:06.719-05:00","eventName":"n8n.node.finished","message":"n8n.node.finished","payload":{"workflowId":"bYgBZRoB3ZizDrZwxuIsb","workflowName":"My workflow 7","executionId":"3","nodeType":"n8n-nodes-base.code","nodeName":"Process & Aggregate","nodeId":"065dee17-5a6c-47ab-b5b5-c00d4151f4cc"}}
{"__type":"$$EventMessageConfirm","confirm":"9d18f7c7-257c-466c-8fa7-d9ae9d15c676","ts":"2026-02-10T03:03:06.719-05:00","source":{"id":"0","name":"eventBus"}}
{"__type":"$$EventMessageNode","id":"7f1f7634-5bef-4051-bd84-42fe6a4ffe4f","ts":"2026-02-10T03:03:06.720-05:00","eventName":"n8n.node.started","message":"n8n.node.started","payload":{"workflowId":"bYgBZRoB3ZizDrZwxuIsb","workflowName":"My workflow 7","executionId":"3","nodeType":"n8n-nodes-base.if","nodeName":"Check Loop","nodeId":"824f9127-f9f5-4575-8053-a5d7154cdedc"}}
{"__type":"$$EventMessageConfirm","confirm":"7f1f7634-5bef-4051-bd84-42fe6a4ffe4f","ts":"2026-02-10T03:03:06.720-05:00","source":{"id":"0","name":"eventBus"}}
{"__type":"$$EventMessageNode","id":"7416a755-cb08-4c84-ba6d-8e818f0265f0","ts":"2026-02-10T03:03:06.722-05:00","eventName":"n8n.node.finished","message":"n8n.node.finished","payload":{"workflowId":"bYgBZRoB3ZizDrZwxuIsb","workflowName":"My workflow 7","executionId":"3","nodeType":"n8n-nodes-base.if","nodeName":"Check Loop","nodeId":"824f9127-f9f5-4575-8053-a5d7154cdedc"}}
{"__type":"$$EventMessageConfirm","confirm":"7416a755-cb08-4c84-ba6d-8e818f0265f0","ts":"2026-02-10T03:03:06.722-05:00","source":{"id":"0","name":"eventBus"}}
{"__type":"$$EventMessageNode","id":"a5ed79d3-c7d0-422c-9bbd-331275f41e10","ts":"2026-02-10T03:03:06.723-05:00","eventName":"n8n.node.started","message":"n8n.node.started","payload":{"workflowId":"bYgBZRoB3ZizDrZwxuIsb","workflowName":"My workflow 7","executionId":"3","nodeType":"n8n-nodes-base.set","nodeName":"Update Cursor","nodeId":"a9e832e9-6cc0-4bbf-a132-12f93c59bc6e"}}
{"__type":"$$EventMessageConfirm","confirm":"a5ed79d3-c7d0-422c-9bbd-331275f41e10","ts":"2026-02-10T03:03:06.723-05:00","source":{"id":"0","name":"eventBus"}}
{"__type":"$$EventMessageNode","id":"684e3414-edd2-4ff5-8868-7e4d952049f9","ts":"2026-02-10T03:03:06.725-05:00","eventName":"n8n.node.finished","message":"n8n.node.finished","payload":{"workflowId":"bYgBZRoB3ZizDrZwxuIsb","workflowName":"My workflow 7","executionId":"3","nodeType":"n8n-nodes-base.set","nodeName":"Update Cursor","nodeId":"a9e832e9-6cc0-4bbf-a132-12f93c59bc6e"}}
{"__type":"$$EventMessageConfirm","confirm":"684e3414-edd2-4ff5-8868-7e4d952049f9","ts":"2026-02-10T03:03:06.725-05:00","source":{"id":"0","name":"eventBus"}}
{"__type":"$$EventMessageNode","id":"be395658-a438-46bd-a8f6-f8dc721e0c17","ts":"2026-02-10T03:03:06.726-05:00","eventName":"n8n.node.started","message":"n8n.node.started","payload":{"workflowId":"bYgBZRoB3ZizDrZwxuIsb","workflowName":"My workflow 7","executionId":"3","nodeType":"n8n-nodes-base.wait","nodeName":"Wait","nodeId":"d4555a9c-319f-4576-8813-c6f706b3ad00"}}
{"__type":"$$EventMessageConfirm","confirm":"be395658-a438-46bd-a8f6-f8dc721e0c17","ts":"2026-02-10T03:03:06.726-05:00","source":{"id":"0","name":"eventBus"}}
{"__type":"$$EventMessageNode","id":"281e4377-2e7b-42e2-a8f3-d8bfbe660110","ts":"2026-02-10T03:03:08.728-05:00","eventName":"n8n.node.finished","message":"n8n.node.finished","payload":{"workflowId":"bYgBZRoB3ZizDrZwxuIsb","workflowName":"My workflow 7","executionId":"3","nodeType":"n8n-nodes-base.wait","nodeName":"Wait","nodeId":"d4555a9c-319f-4576-8813-c6f706b3ad00"}}
{"__type":"$$EventMessageConfirm","confirm":"281e4377-2e7b-42e2-a8f3-d8bfbe660110","ts":"2026-02-10T03:03:08.728-05:00","source":{"id":"0","name":"eventBus"}}
{"__type":"$$EventMessageNode","id":"93643505-d1fa-431e-8755-172b3449b506","ts":"2026-02-10T03:03:08.728-05:00","eventName":"n8n.node.started","message":"n8n.node.started","payload":{"workflowId":"bYgBZRoB3ZizDrZwxuIsb","workflowName":"My workflow 7","executionId":"3","nodeType":"n8n-nodes-base.graphql","nodeName":"GraphQL","nodeId":"85c618fd-0d30-4313-a135-ebcc755bd1ff"}}
{"__type":"$$EventMessageConfirm","confirm":"93643505-d1fa-431e-8755-172b3449b506","ts":"2026-02-10T03:03:08.728-05:00","source":{"id":"0","name":"eventBus"}}
{"__type":"$$EventMessageNode","id":"20ad096e-3f59-4543-a721-7e3e744ac6c8","ts":"2026-02-10T03:03:09.371-05:00","eventName":"n8n.node.finished","message":"n8n.node.finished","payload":{"workflowId":"bYgBZRoB3ZizDrZwxuIsb","workflowName":"My workflow 7","executionId":"3","nodeType":"n8n-nodes-base.graphql","nodeName":"GraphQL","nodeId":"85c618fd-0d30-4313-a135-ebcc755bd1ff"}}
{"__type":"$$EventMessageConfirm","confirm":"20ad096e-3f59-4543-a721-7e3e744ac6c8","ts":"2026-02-10T03:03:09.371-05:00","source":{"id":"0","name":"eventBus"}}
{"__type":"$$EventMessageNode","id":"101459a3-5994-4e6c-869e-87f1335eff03","ts":"2026-02-10T03:03:09.372-05:00","eventName":"n8n.node.started","message":"n8n.node.started","payload":{"workflowId":"bYgBZRoB3ZizDrZwxuIsb","workflowName":"My workflow 7","executionId":"3","nodeType":"n8n-nodes-base.code","nodeName":"Process & Aggregate","nodeId":"065dee17-5a6c-47ab-b5b5-c00d4151f4cc"}}
{"__type":"$$EventMessageConfirm","confirm":"101459a3-5994-4e6c-869e-87f1335eff03","ts":"2026-02-10T03:03:09.372-05:00","source":{"id":"0","name":"eventBus"}}
{"__type":"$$EventMessageRunner","id":"b4c48942-03e0-493d-8b82-fcc1200ac074","ts":"2026-02-10T03:03:09.374-05:00","eventName":"n8n.runner.task.requested","message":"n8n.runner.task.requested","payload":{"taskId":"G0TZIiq5","nodeId":"065dee17-5a6c-47ab-b5b5-c00d4151f4cc","workflowId":"bYgBZRoB3ZizDrZwxuIsb","executionId":"3"}}
{"__type":"$$EventMessageConfirm","confirm":"b4c48942-03e0-493d-8b82-fcc1200ac074","ts":"2026-02-10T03:03:09.375-05:00","source":{"id":"0","name":"eventBus"}}
{"__type":"$$EventMessageRunner","id":"2a8a8567-2bb5-4dc6-a6ff-1d2d019f5064","ts":"2026-02-10T03:03:09.390-05:00","eventName":"n8n.runner.response.received","message":"n8n.runner.response.received","payload":{"taskId":"G0TZIiq5","nodeId":"065dee17-5a6c-47ab-b5b5-c00d4151f4cc","workflowId":"bYgBZRoB3ZizDrZwxuIsb","executionId":"3"}}
{"__type":"$$EventMessageConfirm","confirm":"2a8a8567-2bb5-4dc6-a6ff-1d2d019f5064","ts":"2026-02-10T03:03:09.390-05:00","source":{"id":"0","name":"eventBus"}}
{"__type":"$$EventMessageNode","id":"cf4e30b7-4c76-4ad7-9bcb-3ed5d231740c","ts":"2026-02-10T03:03:09.391-05:00","eventName":"n8n.node.finished","message":"n8n.node.finished","payload":{"workflowId":"bYgBZRoB3ZizDrZwxuIsb","workflowName":"My workflow 7","executionId":"3","nodeType":"n8n-nodes-base.code","nodeName":"Process & Aggregate","nodeId":"065dee17-5a6c-47ab-b5b5-c00d4151f4cc"}}
{"__type":"$$EventMessageConfirm","confirm":"cf4e30b7-4c76-4ad7-9bcb-3ed5d231740c","ts":"2026-02-10T03:03:09.391-05:00","source":{"id":"0","name":"eventBus"}}
{"__type":"$$EventMessageNode","id":"881851b8-69a2-418c-b55d-15c734aa653c","ts":"2026-02-10T03:03:09.391-05:00","eventName":"n8n.node.started","message":"n8n.node.started","payload":{"workflowId":"bYgBZRoB3ZizDrZwxuIsb","workflowName":"My workflow 7","executionId":"3","nodeType":"n8n-nodes-base.if","nodeName":"Check Loop","nodeId":"824f9127-f9f5-4575-8053-a5d7154cdedc"}}
{"__type":"$$EventMessageConfirm","confirm":"881851b8-69a2-418c-b55d-15c734aa653c","ts":"2026-02-10T03:03:09.391-05:00","source":{"id":"0","name":"eventBus"}}
{"__type":"$$EventMessageNode","id":"3aa3ed15-3fa7-487e-b105-697370eabae6","ts":"2026-02-10T03:03:09.393-05:00","eventName":"n8n.node.finished","message":"n8n.node.finished","payload":{"workflowId":"bYgBZRoB3ZizDrZwxuIsb","workflowName":"My workflow 7","executionId":"3","nodeType":"n8n-nodes-base.if","nodeName":"Check Loop","nodeId":"824f9127-f9f5-4575-8053-a5d7154cdedc"}}
{"__type":"$$EventMessageConfirm","confirm":"3aa3ed15-3fa7-487e-b105-697370eabae6","ts":"2026-02-10T03:03:09.393-05:00","source":{"id":"0","name":"eventBus"}}
{"__type":"$$EventMessageNode","id":"5bbf49d1-e7e3-4a6b-a647-76d71f9b01a1","ts":"2026-02-10T03:03:09.394-05:00","eventName":"n8n.node.started","message":"n8n.node.started","payload":{"workflowId":"bYgBZRoB3ZizDrZwxuIsb","workflowName":"My workflow 7","executionId":"3","nodeType":"n8n-nodes-base.set","nodeName":"Update Cursor","nodeId":"a9e832e9-6cc0-4bbf-a132-12f93c59bc6e"}}
{"__type":"$$EventMessageConfirm","confirm":"5bbf49d1-e7e3-4a6b-a647-76d71f9b01a1","ts":"2026-02-10T03:03:09.394-05:00","source":{"id":"0","name":"eventBus"}}
{"__type":"$$EventMessageNode","id":"83aec2ab-9ee6-4379-a858-cd2fd2f90f55","ts":"2026-02-10T03:03:09.395-05:00","eventName":"n8n.node.finished","message":"n8n.node.finished","payload":{"workflowId":"bYgBZRoB3ZizDrZwxuIsb","workflowName":"My workflow 7","executionId":"3","nodeType":"n8n-nodes-base.set","nodeName":"Update Cursor","nodeId":"a9e832e9-6cc0-4bbf-a132-12f93c59bc6e"}}
{"__type":"$$EventMessageConfirm","confirm":"83aec2ab-9ee6-4379-a858-cd2fd2f90f55","ts":"2026-02-10T03:03:09.395-05:00","source":{"id":"0","name":"eventBus"}}
{"__type":"$$EventMessageNode","id":"66b31bb3-4897-41e4-b75d-7e059b10d215","ts":"2026-02-10T03:03:09.396-05:00","eventName":"n8n.node.started","message":"n8n.node.started","payload":{"workflowId":"bYgBZRoB3ZizDrZwxuIsb","workflowName":"My workflow 7","executionId":"3","nodeType":"n8n-nodes-base.wait","nodeName":"Wait","nodeId":"d4555a9c-319f-4576-8813-c6f706b3ad00"}}
{"__type":"$$EventMessageConfirm","confirm":"66b31bb3-4897-41e4-b75d-7e059b10d215","ts":"2026-02-10T03:03:09.396-05:00","source":{"id":"0","name":"eventBus"}}
{"__type":"$$EventMessageNode","id":"533a57f4-8c41-4c2d-8aa0-d250df748ca4","ts":"2026-02-10T03:03:11.397-05:00","eventName":"n8n.node.finished","message":"n8n.node.finished","payload":{"workflowId":"bYgBZRoB3ZizDrZwxuIsb","workflowName":"My workflow 7","executionId":"3","nodeType":"n8n-nodes-base.wait","nodeName":"Wait","nodeId":"d4555a9c-319f-4576-8813-c6f706b3ad00"}}
{"__type":"$$EventMessageConfirm","confirm":"533a57f4-8c41-4c2d-8aa0-d250df748ca4","ts":"2026-02-10T03:03:11.398-05:00","source":{"id":"0","name":"eventBus"}}
{"__type":"$$EventMessageNode","id":"813cc250-4bc5-4095-ae5c-921274f1741b","ts":"2026-02-10T03:03:11.398-05:00","eventName":"n8n.node.started","message":"n8n.node.started","payload":{"workflowId":"bYgBZRoB3ZizDrZwxuIsb","workflowName":"My workflow 7","executionId":"3","nodeType":"n8n-nodes-base.graphql","nodeName":"GraphQL","nodeId":"85c618fd-0d30-4313-a135-ebcc755bd1ff"}}
{"__type":"$$EventMessageConfirm","confirm":"813cc250-4bc5-4095-ae5c-921274f1741b","ts":"2026-02-10T03:03:11.399-05:00","source":{"id":"0","name":"eventBus"}}
{"__type":"$$EventMessageNode","id":"1734725f-047f-4ffd-ba01-62d8334217f2","ts":"2026-02-10T03:03:13.534-05:00","eventName":"n8n.node.finished","message":"n8n.node.finished","payload":{"workflowId":"bYgBZRoB3ZizDrZwxuIsb","workflowName":"My workflow 7","executionId":"3","nodeType":"n8n-nodes-base.graphql","nodeName":"GraphQL","nodeId":"85c618fd-0d30-4313-a135-ebcc755bd1ff"}}
{"__type":"$$EventMessageConfirm","confirm":"1734725f-047f-4ffd-ba01-62d8334217f2","ts":"2026-02-10T03:03:13.534-05:00","source":{"id":"0","name":"eventBus"}}
{"__type":"$$EventMessageNode","id":"0f42b097-dd6d-49c5-9e97-685158795da0","ts":"2026-02-10T03:03:13.535-05:00","eventName":"n8n.node.started","message":"n8n.node.started","payload":{"workflowId":"bYgBZRoB3ZizDrZwxuIsb","workflowName":"My workflow 7","executionId":"3","nodeType":"n8n-nodes-base.code","nodeName":"Process & Aggregate","nodeId":"065dee17-5a6c-47ab-b5b5-c00d4151f4cc"}}
{"__type":"$$EventMessageConfirm","confirm":"0f42b097-dd6d-49c5-9e97-685158795da0","ts":"2026-02-10T03:03:13.535-05:00","source":{"id":"0","name":"eventBus"}}
{"__type":"$$EventMessageRunner","id":"5ee924f7-be5b-4a21-854b-ce110b691918","ts":"2026-02-10T03:03:13.537-05:00","eventName":"n8n.runner.task.requested","message":"n8n.runner.task.requested","payload":{"taskId":"quIkmISX","nodeId":"065dee17-5a6c-47ab-b5b5-c00d4151f4cc","workflowId":"bYgBZRoB3ZizDrZwxuIsb","executionId":"3"}}
{"__type":"$$EventMessageConfirm","confirm":"5ee924f7-be5b-4a21-854b-ce110b691918","ts":"2026-02-10T03:03:13.538-05:00","source":{"id":"0","name":"eventBus"}}
{"__type":"$$EventMessageRunner","id":"97f8b1ab-d818-44c7-b168-c053738856b2","ts":"2026-02-10T03:03:13.551-05:00","eventName":"n8n.runner.response.received","message":"n8n.runner.response.received","payload":{"taskId":"quIkmISX","nodeId":"065dee17-5a6c-47ab-b5b5-c00d4151f4cc","workflowId":"bYgBZRoB3ZizDrZwxuIsb","executionId":"3"}}
{"__type":"$$EventMessageConfirm","confirm":"97f8b1ab-d818-44c7-b168-c053738856b2","ts":"2026-02-10T03:03:13.551-05:00","source":{"id":"0","name":"eventBus"}}
{"__type":"$$EventMessageNode","id":"74aa0901-95b3-484c-9cd6-18893a021375","ts":"2026-02-10T03:03:13.552-05:00","eventName":"n8n.node.finished","message":"n8n.node.finished","payload":{"workflowId":"bYgBZRoB3ZizDrZwxuIsb","workflowName":"My workflow 7","executionId":"3","nodeType":"n8n-nodes-base.code","nodeName":"Process & Aggregate","nodeId":"065dee17-5a6c-47ab-b5b5-c00d4151f4cc"}}
{"__type":"$$EventMessageConfirm","confirm":"74aa0901-95b3-484c-9cd6-18893a021375","ts":"2026-02-10T03:03:13.552-05:00","source":{"id":"0","name":"eventBus"}}
{"__type":"$$EventMessageNode","id":"b2d3df90-d786-4218-9c6f-6b7909430687","ts":"2026-02-10T03:03:13.553-05:00","eventName":"n8n.node.started","message":"n8n.node.started","payload":{"workflowId":"bYgBZRoB3ZizDrZwxuIsb","workflowName":"My workflow 7","executionId":"3","nodeType":"n8n-nodes-base.if","nodeName":"Check Loop","nodeId":"824f9127-f9f5-4575-8053-a5d7154cdedc"}}
{"__type":"$$EventMessageConfirm","confirm":"b2d3df90-d786-4218-9c6f-6b7909430687","ts":"2026-02-10T03:03:13.553-05:00","source":{"id":"0","name":"eventBus"}}
{"__type":"$$EventMessageNode","id":"7a93bbf6-90c8-4df1-b93c-68c865e637e8","ts":"2026-02-10T03:03:13.554-05:00","eventName":"n8n.node.finished","message":"n8n.node.finished","payload":{"workflowId":"bYgBZRoB3ZizDrZwxuIsb","workflowName":"My workflow 7","executionId":"3","nodeType":"n8n-nodes-base.if","nodeName":"Check Loop","nodeId":"824f9127-f9f5-4575-8053-a5d7154cdedc"}}
{"__type":"$$EventMessageConfirm","confirm":"7a93bbf6-90c8-4df1-b93c-68c865e637e8","ts":"2026-02-10T03:03:13.554-05:00","source":{"id":"0","name":"eventBus"}}
{"__type":"$$EventMessageNode","id":"35271fce-d1e8-4751-ad35-c1a300314c66","ts":"2026-02-10T03:03:13.555-05:00","eventName":"n8n.node.started","message":"n8n.node.started","payload":{"workflowId":"bYgBZRoB3ZizDrZwxuIsb","workflowName":"My workflow 7","executionId":"3","nodeType":"n8n-nodes-base.set","nodeName":"Update Cursor","nodeId":"a9e832e9-6cc0-4bbf-a132-12f93c59bc6e"}}
{"__type":"$$EventMessageConfirm","confirm":"35271fce-d1e8-4751-ad35-c1a300314c66","ts":"2026-02-10T03:03:13.555-05:00","source":{"id":"0","name":"eventBus"}}
{"__type":"$$EventMessageNode","id":"889c131e-315a-4b78-b96c-1e45a0234b8d","ts":"2026-02-10T03:03:13.557-05:00","eventName":"n8n.node.finished","message":"n8n.node.finished","payload":{"workflowId":"bYgBZRoB3ZizDrZwxuIsb","workflowName":"My workflow 7","executionId":"3","nodeType":"n8n-nodes-base.set","nodeName":"Update Cursor","nodeId":"a9e832e9-6cc0-4bbf-a132-12f93c59bc6e"}}
{"__type":"$$EventMessageConfirm","confirm":"889c131e-315a-4b78-b96c-1e45a0234b8d","ts":"2026-02-10T03:03:13.557-05:00","source":{"id":"0","name":"eventBus"}}
{"__type":"$$EventMessageNode","id":"8faf4045-074c-45ae-85eb-6bd875a88ecb","ts":"2026-02-10T03:03:13.557-05:00","eventName":"n8n.node.started","message":"n8n.node.started","payload":{"workflowId":"bYgBZRoB3ZizDrZwxuIsb","workflowName":"My workflow 7","executionId":"3","nodeType":"n8n-nodes-base.wait","nodeName":"Wait","nodeId":"d4555a9c-319f-4576-8813-c6f706b3ad00"}}
{"__type":"$$EventMessageConfirm","confirm":"8faf4045-074c-45ae-85eb-6bd875a88ecb","ts":"2026-02-10T03:03:13.557-05:00","source":{"id":"0","name":"eventBus"}}
{"__type":"$$EventMessageNode","id":"19cc3ce3-22fb-4eca-a5f3-fc73abc198f1","ts":"2026-02-10T03:03:15.558-05:00","eventName":"n8n.node.finished","message":"n8n.node.finished","payload":{"workflowId":"bYgBZRoB3ZizDrZwxuIsb","workflowName":"My workflow 7","executionId":"3","nodeType":"n8n-nodes-base.wait","nodeName":"Wait","nodeId":"d4555a9c-319f-4576-8813-c6f706b3ad00"}}
{"__type":"$$EventMessageConfirm","confirm":"19cc3ce3-22fb-4eca-a5f3-fc73abc198f1","ts":"2026-02-10T03:03:15.558-05:00","source":{"id":"0","name":"eventBus"}}
{"__type":"$$EventMessageNode","id":"5d3a813d-942a-45c9-9da2-2feb44af6b53","ts":"2026-02-10T03:03:15.559-05:00","eventName":"n8n.node.started","message":"n8n.node.started","payload":{"workflowId":"bYgBZRoB3ZizDrZwxuIsb","workflowName":"My workflow 7","executionId":"3","nodeType":"n8n-nodes-base.graphql","nodeName":"GraphQL","nodeId":"85c618fd-0d30-4313-a135-ebcc755bd1ff"}}
{"__type":"$$EventMessageConfirm","confirm":"5d3a813d-942a-45c9-9da2-2feb44af6b53","ts":"2026-02-10T03:03:15.559-05:00","source":{"id":"0","name":"eventBus"}}
{"__type":"$$EventMessageNode","id":"38aedce4-575c-445b-95aa-9853b32fdbe1","ts":"2026-02-10T03:03:16.741-05:00","eventName":"n8n.node.finished","message":"n8n.node.finished","payload":{"workflowId":"bYgBZRoB3ZizDrZwxuIsb","workflowName":"My workflow 7","executionId":"3","nodeType":"n8n-nodes-base.graphql","nodeName":"GraphQL","nodeId":"85c618fd-0d30-4313-a135-ebcc755bd1ff"}}
{"__type":"$$EventMessageConfirm","confirm":"38aedce4-575c-445b-95aa-9853b32fdbe1","ts":"2026-02-10T03:03:16.741-05:00","source":{"id":"0","name":"eventBus"}}
{"__type":"$$EventMessageNode","id":"38083b41-623a-4dd8-8bee-ebf67a454f94","ts":"2026-02-10T03:03:16.742-05:00","eventName":"n8n.node.started","message":"n8n.node.started","payload":{"workflowId":"bYgBZRoB3ZizDrZwxuIsb","workflowName":"My workflow 7","executionId":"3","nodeType":"n8n-nodes-base.code","nodeName":"Process & Aggregate","nodeId":"065dee17-5a6c-47ab-b5b5-c00d4151f4cc"}}
{"__type":"$$EventMessageConfirm","confirm":"38083b41-623a-4dd8-8bee-ebf67a454f94","ts":"2026-02-10T03:03:16.742-05:00","source":{"id":"0","name":"eventBus"}}
{"__type":"$$EventMessageRunner","id":"cb4ea1c2-aa59-45f0-a514-29354e3397aa","ts":"2026-02-10T03:03:16.745-05:00","eventName":"n8n.runner.task.requested","message":"n8n.runner.task.requested","payload":{"taskId":"YHMGSKWS","nodeId":"065dee17-5a6c-47ab-b5b5-c00d4151f4cc","workflowId":"bYgBZRoB3ZizDrZwxuIsb","executionId":"3"}}
{"__type":"$$EventMessageConfirm","confirm":"cb4ea1c2-aa59-45f0-a514-29354e3397aa","ts":"2026-02-10T03:03:16.746-05:00","source":{"id":"0","name":"eventBus"}}
{"__type":"$$EventMessageRunner","id":"ba503e0a-b6c9-4377-9067-94179199bbd1","ts":"2026-02-10T03:03:16.760-05:00","eventName":"n8n.runner.response.received","message":"n8n.runner.response.received","payload":{"taskId":"YHMGSKWS","nodeId":"065dee17-5a6c-47ab-b5b5-c00d4151f4cc","workflowId":"bYgBZRoB3ZizDrZwxuIsb","executionId":"3"}}
{"__type":"$$EventMessageConfirm","confirm":"ba503e0a-b6c9-4377-9067-94179199bbd1","ts":"2026-02-10T03:03:16.761-05:00","source":{"id":"0","name":"eventBus"}}
{"__type":"$$EventMessageNode","id":"cd4d6c4f-8973-464a-bdfc-48293d02ebdd","ts":"2026-02-10T03:03:16.761-05:00","eventName":"n8n.node.finished","message":"n8n.node.finished","payload":{"workflowId":"bYgBZRoB3ZizDrZwxuIsb","workflowName":"My workflow 7","executionId":"3","nodeType":"n8n-nodes-base.code","nodeName":"Process & Aggregate","nodeId":"065dee17-5a6c-47ab-b5b5-c00d4151f4cc"}}
{"__type":"$$EventMessageConfirm","confirm":"cd4d6c4f-8973-464a-bdfc-48293d02ebdd","ts":"2026-02-10T03:03:16.761-05:00","source":{"id":"0","name":"eventBus"}}
{"__type":"$$EventMessageNode","id":"8c267ab6-b138-481f-b927-24bf9d5dde09","ts":"2026-02-10T03:03:16.762-05:00","eventName":"n8n.node.started","message":"n8n.node.started","payload":{"workflowId":"bYgBZRoB3ZizDrZwxuIsb","workflowName":"My workflow 7","executionId":"3","nodeType":"n8n-nodes-base.if","nodeName":"Check Loop","nodeId":"824f9127-f9f5-4575-8053-a5d7154cdedc"}}
{"__type":"$$EventMessageConfirm","confirm":"8c267ab6-b138-481f-b927-24bf9d5dde09","ts":"2026-02-10T03:03:16.762-05:00","source":{"id":"0","name":"eventBus"}}
{"__type":"$$EventMessageNode","id":"9229bc1b-c953-4cc7-ac50-d8af54477ceb","ts":"2026-02-10T03:03:16.766-05:00","eventName":"n8n.node.finished","message":"n8n.node.finished","payload":{"workflowId":"bYgBZRoB3ZizDrZwxuIsb","workflowName":"My workflow 7","executionId":"3","nodeType":"n8n-nodes-base.if","nodeName":"Check Loop","nodeId":"824f9127-f9f5-4575-8053-a5d7154cdedc"}}
{"__type":"$$EventMessageConfirm","confirm":"9229bc1b-c953-4cc7-ac50-d8af54477ceb","ts":"2026-02-10T03:03:16.767-05:00","source":{"id":"0","name":"eventBus"}}
{"__type":"$$EventMessageNode","id":"999e2276-66bf-4864-9447-c4c2461a1af2","ts":"2026-02-10T03:03:16.768-05:00","eventName":"n8n.node.started","message":"n8n.node.started","payload":{"workflowId":"bYgBZRoB3ZizDrZwxuIsb","workflowName":"My workflow 7","executionId":"3","nodeType":"n8n-nodes-base.set","nodeName":"Update Cursor","nodeId":"a9e832e9-6cc0-4bbf-a132-12f93c59bc6e"}}
{"__type":"$$EventMessageConfirm","confirm":"999e2276-66bf-4864-9447-c4c2461a1af2","ts":"2026-02-10T03:03:16.768-05:00","source":{"id":"0","name":"eventBus"}}
{"__type":"$$EventMessageNode","id":"eb61dc75-c5a9-410b-b778-85af0bd74b1a","ts":"2026-02-10T03:03:16.771-05:00","eventName":"n8n.node.finished","message":"n8n.node.finished","payload":{"workflowId":"bYgBZRoB3ZizDrZwxuIsb","workflowName":"My workflow 7","executionId":"3","nodeType":"n8n-nodes-base.set","nodeName":"Update Cursor","nodeId":"a9e832e9-6cc0-4bbf-a132-12f93c59bc6e"}}
{"__type":"$$EventMessageConfirm","confirm":"eb61dc75-c5a9-410b-b778-85af0bd74b1a","ts":"2026-02-10T03:03:16.771-05:00","source":{"id":"0","name":"eventBus"}}
{"__type":"$$EventMessageNode","id":"d23658c8-cd36-4f33-a58a-bdeba1671e88","ts":"2026-02-10T03:03:16.772-05:00","eventName":"n8n.node.started","message":"n8n.node.started","payload":{"workflowId":"bYgBZRoB3ZizDrZwxuIsb","workflowName":"My workflow 7","executionId":"3","nodeType":"n8n-nodes-base.wait","nodeName":"Wait","nodeId":"d4555a9c-319f-4576-8813-c6f706b3ad00"}}
{"__type":"$$EventMessageConfirm","confirm":"d23658c8-cd36-4f33-a58a-bdeba1671e88","ts":"2026-02-10T03:03:16.772-05:00","source":{"id":"0","name":"eventBus"}}
{"__type":"$$EventMessageNode","id":"638d0120-cb71-4888-a9e0-c65e234364d2","ts":"2026-02-10T03:03:18.773-05:00","eventName":"n8n.node.finished","message":"n8n.node.finished","payload":{"workflowId":"bYgBZRoB3ZizDrZwxuIsb","workflowName":"My workflow 7","executionId":"3","nodeType":"n8n-nodes-base.wait","nodeName":"Wait","nodeId":"d4555a9c-319f-4576-8813-c6f706b3ad00"}}
{"__type":"$$EventMessageConfirm","confirm":"638d0120-cb71-4888-a9e0-c65e234364d2","ts":"2026-02-10T03:03:18.773-05:00","source":{"id":"0","name":"eventBus"}}
{"__type":"$$EventMessageNode","id":"720e1b9e-0b80-4954-9d96-ce6a2586ee69","ts":"2026-02-10T03:03:18.774-05:00","eventName":"n8n.node.started","message":"n8n.node.started","payload":{"workflowId":"bYgBZRoB3ZizDrZwxuIsb","workflowName":"My workflow 7","executionId":"3","nodeType":"n8n-nodes-base.graphql","nodeName":"GraphQL","nodeId":"85c618fd-0d30-4313-a135-ebcc755bd1ff"}}
{"__type":"$$EventMessageConfirm","confirm":"720e1b9e-0b80-4954-9d96-ce6a2586ee69","ts":"2026-02-10T03:03:18.774-05:00","source":{"id":"0","name":"eventBus"}}
{"__type":"$$EventMessageNode","id":"9eb4c64a-3138-4434-9dcc-75f2c53346ed","ts":"2026-02-10T03:03:21.662-05:00","eventName":"n8n.node.finished","message":"n8n.node.finished","payload":{"workflowId":"bYgBZRoB3ZizDrZwxuIsb","workflowName":"My workflow 7","executionId":"3","nodeType":"n8n-nodes-base.graphql","nodeName":"GraphQL","nodeId":"85c618fd-0d30-4313-a135-ebcc755bd1ff"}}
{"__type":"$$EventMessageConfirm","confirm":"9eb4c64a-3138-4434-9dcc-75f2c53346ed","ts":"2026-02-10T03:03:21.662-05:00","source":{"id":"0","name":"eventBus"}}
{"__type":"$$EventMessageNode","id":"b16e7fc5-0ec8-469f-898e-7a462f6478d2","ts":"2026-02-10T03:03:21.664-05:00","eventName":"n8n.node.started","message":"n8n.node.started","payload":{"workflowId":"bYgBZRoB3ZizDrZwxuIsb","workflowName":"My workflow 7","executionId":"3","nodeType":"n8n-nodes-base.code","nodeName":"Process & Aggregate","nodeId":"065dee17-5a6c-47ab-b5b5-c00d4151f4cc"}}
{"__type":"$$EventMessageConfirm","confirm":"b16e7fc5-0ec8-469f-898e-7a462f6478d2","ts":"2026-02-10T03:03:21.664-05:00","source":{"id":"0","name":"eventBus"}}
{"__type":"$$EventMessageRunner","id":"ea07a369-bff9-44ae-acdb-9703983acdf9","ts":"2026-02-10T03:03:21.667-05:00","eventName":"n8n.runner.task.requested","message":"n8n.runner.task.requested","payload":{"taskId":"67imFCdi","nodeId":"065dee17-5a6c-47ab-b5b5-c00d4151f4cc","workflowId":"bYgBZRoB3ZizDrZwxuIsb","executionId":"3"}}
{"__type":"$$EventMessageConfirm","confirm":"ea07a369-bff9-44ae-acdb-9703983acdf9","ts":"2026-02-10T03:03:21.667-05:00","source":{"id":"0","name":"eventBus"}}
{"__type":"$$EventMessageRunner","id":"3a7e3f1e-ec67-4429-b10f-a52446972b9f","ts":"2026-02-10T03:03:21.697-05:00","eventName":"n8n.runner.response.received","message":"n8n.runner.response.received","payload":{"taskId":"67imFCdi","nodeId":"065dee17-5a6c-47ab-b5b5-c00d4151f4cc","workflowId":"bYgBZRoB3ZizDrZwxuIsb","executionId":"3"}}
{"__type":"$$EventMessageConfirm","confirm":"3a7e3f1e-ec67-4429-b10f-a52446972b9f","ts":"2026-02-10T03:03:21.697-05:00","source":{"id":"0","name":"eventBus"}}
{"__type":"$$EventMessageNode","id":"4190e20c-c633-4838-b75a-a9d5db2e2c7c","ts":"2026-02-10T03:03:21.705-05:00","eventName":"n8n.node.finished","message":"n8n.node.finished","payload":{"workflowId":"bYgBZRoB3ZizDrZwxuIsb","workflowName":"My workflow 7","executionId":"3","nodeType":"n8n-nodes-base.code","nodeName":"Process & Aggregate","nodeId":"065dee17-5a6c-47ab-b5b5-c00d4151f4cc"}}
{"__type":"$$EventMessageConfirm","confirm":"4190e20c-c633-4838-b75a-a9d5db2e2c7c","ts":"2026-02-10T03:03:21.705-05:00","source":{"id":"0","name":"eventBus"}}
{"__type":"$$EventMessageNode","id":"85b32efc-c0aa-43de-981c-0dd5d78f0eaa","ts":"2026-02-10T03:03:21.706-05:00","eventName":"n8n.node.started","message":"n8n.node.started","payload":{"workflowId":"bYgBZRoB3ZizDrZwxuIsb","workflowName":"My workflow 7","executionId":"3","nodeType":"n8n-nodes-base.if","nodeName":"Check Loop","nodeId":"824f9127-f9f5-4575-8053-a5d7154cdedc"}}
{"__type":"$$EventMessageConfirm","confirm":"85b32efc-c0aa-43de-981c-0dd5d78f0eaa","ts":"2026-02-10T03:03:21.707-05:00","source":{"id":"0","name":"eventBus"}}
{"__type":"$$EventMessageNode","id":"10056523-441e-469f-af90-adda09d2301d","ts":"2026-02-10T03:03:21.709-05:00","eventName":"n8n.node.finished","message":"n8n.node.finished","payload":{"workflowId":"bYgBZRoB3ZizDrZwxuIsb","workflowName":"My workflow 7","executionId":"3","nodeType":"n8n-nodes-base.if","nodeName":"Check Loop","nodeId":"824f9127-f9f5-4575-8053-a5d7154cdedc"}}
{"__type":"$$EventMessageConfirm","confirm":"10056523-441e-469f-af90-adda09d2301d","ts":"2026-02-10T03:03:21.710-05:00","source":{"id":"0","name":"eventBus"}}
{"__type":"$$EventMessageNode","id":"bb9d80a5-001c-4029-8720-02b2cea9fa9d","ts":"2026-02-10T03:03:21.718-05:00","eventName":"n8n.node.started","message":"n8n.node.started","payload":{"workflowId":"bYgBZRoB3ZizDrZwxuIsb","workflowName":"My workflow 7","executionId":"3","nodeType":"n8n-nodes-base.set","nodeName":"Update Cursor","nodeId":"a9e832e9-6cc0-4bbf-a132-12f93c59bc6e"}}
{"__type":"$$EventMessageConfirm","confirm":"bb9d80a5-001c-4029-8720-02b2cea9fa9d","ts":"2026-02-10T03:03:21.719-05:00","source":{"id":"0","name":"eventBus"}}
{"__type":"$$EventMessageNode","id":"8ed3d268-b5c8-4eec-b2ea-a28c1d3873f0","ts":"2026-02-10T03:03:21.739-05:00","eventName":"n8n.node.finished","message":"n8n.node.finished","payload":{"workflowId":"bYgBZRoB3ZizDrZwxuIsb","workflowName":"My workflow 7","executionId":"3","nodeType":"n8n-nodes-base.set","nodeName":"Update Cursor","nodeId":"a9e832e9-6cc0-4bbf-a132-12f93c59bc6e"}}
{"__type":"$$EventMessageConfirm","confirm":"8ed3d268-b5c8-4eec-b2ea-a28c1d3873f0","ts":"2026-02-10T03:03:21.740-05:00","source":{"id":"0","name":"eventBus"}}
{"__type":"$$EventMessageNode","id":"ecda09c4-f08a-47c5-8bea-73645aad3ef3","ts":"2026-02-10T03:03:21.741-05:00","eventName":"n8n.node.started","message":"n8n.node.started","payload":{"workflowId":"bYgBZRoB3ZizDrZwxuIsb","workflowName":"My workflow 7","executionId":"3","nodeType":"n8n-nodes-base.wait","nodeName":"Wait","nodeId":"d4555a9c-319f-4576-8813-c6f706b3ad00"}}
{"__type":"$$EventMessageConfirm","confirm":"ecda09c4-f08a-47c5-8bea-73645aad3ef3","ts":"2026-02-10T03:03:21.741-05:00","source":{"id":"0","name":"eventBus"}}
{"__type":"$$EventMessageNode","id":"fadf0dba-bff8-47ed-bd47-690aef7c9332","ts":"2026-02-10T03:03:23.742-05:00","eventName":"n8n.node.finished","message":"n8n.node.finished","payload":{"workflowId":"bYgBZRoB3ZizDrZwxuIsb","workflowName":"My workflow 7","executionId":"3","nodeType":"n8n-nodes-base.wait","nodeName":"Wait","nodeId":"d4555a9c-319f-4576-8813-c6f706b3ad00"}}
{"__type":"$$EventMessageConfirm","confirm":"fadf0dba-bff8-47ed-bd47-690aef7c9332","ts":"2026-02-10T03:03:23.743-05:00","source":{"id":"0","name":"eventBus"}}
{"__type":"$$EventMessageNode","id":"7e860570-36f0-4f0e-aedb-b1c5123d504f","ts":"2026-02-10T03:03:23.743-05:00","eventName":"n8n.node.started","message":"n8n.node.started","payload":{"workflowId":"bYgBZRoB3ZizDrZwxuIsb","workflowName":"My workflow 7","executionId":"3","nodeType":"n8n-nodes-base.graphql","nodeName":"GraphQL","nodeId":"85c618fd-0d30-4313-a135-ebcc755bd1ff"}}
{"__type":"$$EventMessageConfirm","confirm":"7e860570-36f0-4f0e-aedb-b1c5123d504f","ts":"2026-02-10T03:03:23.744-05:00","source":{"id":"0","name":"eventBus"}}
{"__type":"$$EventMessageNode","id":"21335ed2-9647-4468-8699-febef6a80c2a","ts":"2026-02-10T03:03:25.659-05:00","eventName":"n8n.node.finished","message":"n8n.node.finished","payload":{"workflowId":"bYgBZRoB3ZizDrZwxuIsb","workflowName":"My workflow 7","executionId":"3","nodeType":"n8n-nodes-base.graphql","nodeName":"GraphQL","nodeId":"85c618fd-0d30-4313-a135-ebcc755bd1ff"}}
{"__type":"$$EventMessageConfirm","confirm":"21335ed2-9647-4468-8699-febef6a80c2a","ts":"2026-02-10T03:03:25.659-05:00","source":{"id":"0","name":"eventBus"}}
{"__type":"$$EventMessageNode","id":"ec7620b3-614e-4834-aca1-a205eecff89d","ts":"2026-02-10T03:03:25.660-05:00","eventName":"n8n.node.started","message":"n8n.node.started","payload":{"workflowId":"bYgBZRoB3ZizDrZwxuIsb","workflowName":"My workflow 7","executionId":"3","nodeType":"n8n-nodes-base.code","nodeName":"Process & Aggregate","nodeId":"065dee17-5a6c-47ab-b5b5-c00d4151f4cc"}}
{"__type":"$$EventMessageConfirm","confirm":"ec7620b3-614e-4834-aca1-a205eecff89d","ts":"2026-02-10T03:03:25.660-05:00","source":{"id":"0","name":"eventBus"}}
{"__type":"$$EventMessageRunner","id":"aea029f4-e171-4b00-bba5-9b276f0d94d6","ts":"2026-02-10T03:03:25.662-05:00","eventName":"n8n.runner.task.requested","message":"n8n.runner.task.requested","payload":{"taskId":"jc5X_zkE","nodeId":"065dee17-5a6c-47ab-b5b5-c00d4151f4cc","workflowId":"bYgBZRoB3ZizDrZwxuIsb","executionId":"3"}}
{"__type":"$$EventMessageConfirm","confirm":"aea029f4-e171-4b00-bba5-9b276f0d94d6","ts":"2026-02-10T03:03:25.662-05:00","source":{"id":"0","name":"eventBus"}}
{"__type":"$$EventMessageRunner","id":"14efa3e7-3006-4434-a7f6-61a68b4f5743","ts":"2026-02-10T03:03:25.676-05:00","eventName":"n8n.runner.response.received","message":"n8n.runner.response.received","payload":{"taskId":"jc5X_zkE","nodeId":"065dee17-5a6c-47ab-b5b5-c00d4151f4cc","workflowId":"bYgBZRoB3ZizDrZwxuIsb","executionId":"3"}}
{"__type":"$$EventMessageConfirm","confirm":"14efa3e7-3006-4434-a7f6-61a68b4f5743","ts":"2026-02-10T03:03:25.676-05:00","source":{"id":"0","name":"eventBus"}}
{"__type":"$$EventMessageNode","id":"387d88c9-ce7b-496a-87be-4aac91eb92f7","ts":"2026-02-10T03:03:25.677-05:00","eventName":"n8n.node.finished","message":"n8n.node.finished","payload":{"workflowId":"bYgBZRoB3ZizDrZwxuIsb","workflowName":"My workflow 7","executionId":"3","nodeType":"n8n-nodes-base.code","nodeName":"Process & Aggregate","nodeId":"065dee17-5a6c-47ab-b5b5-c00d4151f4cc"}}
{"__type":"$$EventMessageConfirm","confirm":"387d88c9-ce7b-496a-87be-4aac91eb92f7","ts":"2026-02-10T03:03:25.677-05:00","source":{"id":"0","name":"eventBus"}}
{"__type":"$$EventMessageNode","id":"65c7d67a-e920-4956-bf2a-3e4e3866d3c0","ts":"2026-02-10T03:03:25.677-05:00","eventName":"n8n.node.started","message":"n8n.node.started","payload":{"workflowId":"bYgBZRoB3ZizDrZwxuIsb","workflowName":"My workflow 7","executionId":"3","nodeType":"n8n-nodes-base.if","nodeName":"Check Loop","nodeId":"824f9127-f9f5-4575-8053-a5d7154cdedc"}}
{"__type":"$$EventMessageConfirm","confirm":"65c7d67a-e920-4956-bf2a-3e4e3866d3c0","ts":"2026-02-10T03:03:25.677-05:00","source":{"id":"0","name":"eventBus"}}
{"__type":"$$EventMessageNode","id":"605918d0-0b01-4817-87c0-cbc049bdd60e","ts":"2026-02-10T03:03:25.678-05:00","eventName":"n8n.node.finished","message":"n8n.node.finished","payload":{"workflowId":"bYgBZRoB3ZizDrZwxuIsb","workflowName":"My workflow 7","executionId":"3","nodeType":"n8n-nodes-base.if","nodeName":"Check Loop","nodeId":"824f9127-f9f5-4575-8053-a5d7154cdedc"}}
{"__type":"$$EventMessageConfirm","confirm":"605918d0-0b01-4817-87c0-cbc049bdd60e","ts":"2026-02-10T03:03:25.679-05:00","source":{"id":"0","name":"eventBus"}}
{"__type":"$$EventMessageNode","id":"e5db2bba-31bc-455a-a014-6e5e2b22b7dc","ts":"2026-02-10T03:03:25.679-05:00","eventName":"n8n.node.started","message":"n8n.node.started","payload":{"workflowId":"bYgBZRoB3ZizDrZwxuIsb","workflowName":"My workflow 7","executionId":"3","nodeType":"n8n-nodes-base.set","nodeName":"Update Cursor","nodeId":"a9e832e9-6cc0-4bbf-a132-12f93c59bc6e"}}
{"__type":"$$EventMessageConfirm","confirm":"e5db2bba-31bc-455a-a014-6e5e2b22b7dc","ts":"2026-02-10T03:03:25.679-05:00","source":{"id":"0","name":"eventBus"}}
{"__type":"$$EventMessageNode","id":"e14a97f4-c63c-4f2f-aa00-f713d1892d94","ts":"2026-02-10T03:03:25.683-05:00","eventName":"n8n.node.finished","message":"n8n.node.finished","payload":{"workflowId":"bYgBZRoB3ZizDrZwxuIsb","workflowName":"My workflow 7","executionId":"3","nodeType":"n8n-nodes-base.set","nodeName":"Update Cursor","nodeId":"a9e832e9-6cc0-4bbf-a132-12f93c59bc6e"}}
{"__type":"$$EventMessageConfirm","confirm":"e14a97f4-c63c-4f2f-aa00-f713d1892d94","ts":"2026-02-10T03:03:25.683-05:00","source":{"id":"0","name":"eventBus"}}
{"__type":"$$EventMessageNode","id":"c17cbd2a-42ed-4da6-a167-d0ceb3d8233c","ts":"2026-02-10T03:03:25.684-05:00","eventName":"n8n.node.started","message":"n8n.node.started","payload":{"workflowId":"bYgBZRoB3ZizDrZwxuIsb","workflowName":"My workflow 7","executionId":"3","nodeType":"n8n-nodes-base.wait","nodeName":"Wait","nodeId":"d4555a9c-319f-4576-8813-c6f706b3ad00"}}
{"__type":"$$EventMessageConfirm","confirm":"c17cbd2a-42ed-4da6-a167-d0ceb3d8233c","ts":"2026-02-10T03:03:25.684-05:00","source":{"id":"0","name":"eventBus"}}
{"__type":"$$EventMessageNode","id":"8aa23c70-1468-4eed-a458-9dbe1c882eda","ts":"2026-02-10T03:03:27.686-05:00","eventName":"n8n.node.finished","message":"n8n.node.finished","payload":{"workflowId":"bYgBZRoB3ZizDrZwxuIsb","workflowName":"My workflow 7","executionId":"3","nodeType":"n8n-nodes-base.wait","nodeName":"Wait","nodeId":"d4555a9c-319f-4576-8813-c6f706b3ad00"}}
{"__type":"$$EventMessageConfirm","confirm":"8aa23c70-1468-4eed-a458-9dbe1c882eda","ts":"2026-02-10T03:03:27.686-05:00","source":{"id":"0","name":"eventBus"}}
{"__type":"$$EventMessageNode","id":"09773306-8438-42d1-b119-ad67b9d008d5","ts":"2026-02-10T03:03:27.687-05:00","eventName":"n8n.node.started","message":"n8n.node.started","payload":{"workflowId":"bYgBZRoB3ZizDrZwxuIsb","workflowName":"My workflow 7","executionId":"3","nodeType":"n8n-nodes-base.graphql","nodeName":"GraphQL","nodeId":"85c618fd-0d30-4313-a135-ebcc755bd1ff"}}
{"__type":"$$EventMessageConfirm","confirm":"09773306-8438-42d1-b119-ad67b9d008d5","ts":"2026-02-10T03:03:27.687-05:00","source":{"id":"0","name":"eventBus"}}
{"__type":"$$EventMessageNode","id":"0e704676-08e6-4c1a-8617-dca41cadddf9","ts":"2026-02-10T03:03:28.616-05:00","eventName":"n8n.node.finished","message":"n8n.node.finished","payload":{"workflowId":"bYgBZRoB3ZizDrZwxuIsb","workflowName":"My workflow 7","executionId":"3","nodeType":"n8n-nodes-base.graphql","nodeName":"GraphQL","nodeId":"85c618fd-0d30-4313-a135-ebcc755bd1ff"}}
{"__type":"$$EventMessageConfirm","confirm":"0e704676-08e6-4c1a-8617-dca41cadddf9","ts":"2026-02-10T03:03:28.616-05:00","source":{"id":"0","name":"eventBus"}}
{"__type":"$$EventMessageNode","id":"a2b998e9-019f-4698-aac9-38385f6b83e1","ts":"2026-02-10T03:03:28.617-05:00","eventName":"n8n.node.started","message":"n8n.node.started","payload":{"workflowId":"bYgBZRoB3ZizDrZwxuIsb","workflowName":"My workflow 7","executionId":"3","nodeType":"n8n-nodes-base.code","nodeName":"Process & Aggregate","nodeId":"065dee17-5a6c-47ab-b5b5-c00d4151f4cc"}}
{"__type":"$$EventMessageConfirm","confirm":"a2b998e9-019f-4698-aac9-38385f6b83e1","ts":"2026-02-10T03:03:28.617-05:00","source":{"id":"0","name":"eventBus"}}
{"__type":"$$EventMessageRunner","id":"862342bf-636a-41dd-8f87-c250e8d9ae9f","ts":"2026-02-10T03:03:28.619-05:00","eventName":"n8n.runner.task.requested","message":"n8n.runner.task.requested","payload":{"taskId":"7gQr9Sko","nodeId":"065dee17-5a6c-47ab-b5b5-c00d4151f4cc","workflowId":"bYgBZRoB3ZizDrZwxuIsb","executionId":"3"}}
{"__type":"$$EventMessageConfirm","confirm":"862342bf-636a-41dd-8f87-c250e8d9ae9f","ts":"2026-02-10T03:03:28.619-05:00","source":{"id":"0","name":"eventBus"}}
{"__type":"$$EventMessageRunner","id":"ac5ea8ec-9016-49e0-a14f-a027a44976a5","ts":"2026-02-10T03:03:28.637-05:00","eventName":"n8n.runner.response.received","message":"n8n.runner.response.received","payload":{"taskId":"7gQr9Sko","nodeId":"065dee17-5a6c-47ab-b5b5-c00d4151f4cc","workflowId":"bYgBZRoB3ZizDrZwxuIsb","executionId":"3"}}
{"__type":"$$EventMessageConfirm","confirm":"ac5ea8ec-9016-49e0-a14f-a027a44976a5","ts":"2026-02-10T03:03:28.637-05:00","source":{"id":"0","name":"eventBus"}}
{"__type":"$$EventMessageNode","id":"b9f00af0-8574-4355-8812-69a0907d3c8d","ts":"2026-02-10T03:03:28.638-05:00","eventName":"n8n.node.finished","message":"n8n.node.finished","payload":{"workflowId":"bYgBZRoB3ZizDrZwxuIsb","workflowName":"My workflow 7","executionId":"3","nodeType":"n8n-nodes-base.code","nodeName":"Process & Aggregate","nodeId":"065dee17-5a6c-47ab-b5b5-c00d4151f4cc"}}
{"__type":"$$EventMessageConfirm","confirm":"b9f00af0-8574-4355-8812-69a0907d3c8d","ts":"2026-02-10T03:03:28.638-05:00","source":{"id":"0","name":"eventBus"}}
{"__type":"$$EventMessageNode","id":"cc046514-4426-4e7b-acfb-6fb8c25bb859","ts":"2026-02-10T03:03:28.638-05:00","eventName":"n8n.node.started","message":"n8n.node.started","payload":{"workflowId":"bYgBZRoB3ZizDrZwxuIsb","workflowName":"My workflow 7","executionId":"3","nodeType":"n8n-nodes-base.if","nodeName":"Check Loop","nodeId":"824f9127-f9f5-4575-8053-a5d7154cdedc"}}
{"__type":"$$EventMessageConfirm","confirm":"cc046514-4426-4e7b-acfb-6fb8c25bb859","ts":"2026-02-10T03:03:28.638-05:00","source":{"id":"0","name":"eventBus"}}
{"__type":"$$EventMessageNode","id":"7009563a-dc1b-474e-a492-963fbf2869a3","ts":"2026-02-10T03:03:28.640-05:00","eventName":"n8n.node.finished","message":"n8n.node.finished","payload":{"workflowId":"bYgBZRoB3ZizDrZwxuIsb","workflowName":"My workflow 7","executionId":"3","nodeType":"n8n-nodes-base.if","nodeName":"Check Loop","nodeId":"824f9127-f9f5-4575-8053-a5d7154cdedc"}}
{"__type":"$$EventMessageConfirm","confirm":"7009563a-dc1b-474e-a492-963fbf2869a3","ts":"2026-02-10T03:03:28.640-05:00","source":{"id":"0","name":"eventBus"}}
{"__type":"$$EventMessageNode","id":"14da3061-1ab8-411a-91a7-1480665c263d","ts":"2026-02-10T03:03:28.640-05:00","eventName":"n8n.node.started","message":"n8n.node.started","payload":{"workflowId":"bYgBZRoB3ZizDrZwxuIsb","workflowName":"My workflow 7","executionId":"3","nodeType":"n8n-nodes-base.set","nodeName":"Update Cursor","nodeId":"a9e832e9-6cc0-4bbf-a132-12f93c59bc6e"}}
{"__type":"$$EventMessageConfirm","confirm":"14da3061-1ab8-411a-91a7-1480665c263d","ts":"2026-02-10T03:03:28.640-05:00","source":{"id":"0","name":"eventBus"}}
{"__type":"$$EventMessageNode","id":"3cb73fd6-bf32-485f-8a2c-90520f8fa29a","ts":"2026-02-10T03:03:28.643-05:00","eventName":"n8n.node.finished","message":"n8n.node.finished","payload":{"workflowId":"bYgBZRoB3ZizDrZwxuIsb","workflowName":"My workflow 7","executionId":"3","nodeType":"n8n-nodes-base.set","nodeName":"Update Cursor","nodeId":"a9e832e9-6cc0-4bbf-a132-12f93c59bc6e"}}
{"__type":"$$EventMessageConfirm","confirm":"3cb73fd6-bf32-485f-8a2c-90520f8fa29a","ts":"2026-02-10T03:03:28.643-05:00","source":{"id":"0","name":"eventBus"}}
{"__type":"$$EventMessageNode","id":"8f916719-eb55-46d4-aba4-1b74c6a72f91","ts":"2026-02-10T03:03:28.643-05:00","eventName":"n8n.node.started","message":"n8n.node.started","payload":{"workflowId":"bYgBZRoB3ZizDrZwxuIsb","workflowName":"My workflow 7","executionId":"3","nodeType":"n8n-nodes-base.wait","nodeName":"Wait","nodeId":"d4555a9c-319f-4576-8813-c6f706b3ad00"}}
{"__type":"$$EventMessageConfirm","confirm":"8f916719-eb55-46d4-aba4-1b74c6a72f91","ts":"2026-02-10T03:03:28.644-05:00","source":{"id":"0","name":"eventBus"}}
{"__type":"$$EventMessageNode","id":"98b11373-0be4-4fc6-b61d-ef3d3aa822cc","ts":"2026-02-10T03:03:30.644-05:00","eventName":"n8n.node.finished","message":"n8n.node.finished","payload":{"workflowId":"bYgBZRoB3ZizDrZwxuIsb","workflowName":"My workflow 7","executionId":"3","nodeType":"n8n-nodes-base.wait","nodeName":"Wait","nodeId":"d4555a9c-319f-4576-8813-c6f706b3ad00"}}
{"__type":"$$EventMessageConfirm","confirm":"98b11373-0be4-4fc6-b61d-ef3d3aa822cc","ts":"2026-02-10T03:03:30.644-05:00","source":{"id":"0","name":"eventBus"}}
{"__type":"$$EventMessageNode","id":"e9908f1c-4f22-4d43-b7e9-7d6051fe3b4a","ts":"2026-02-10T03:03:30.645-05:00","eventName":"n8n.node.started","message":"n8n.node.started","payload":{"workflowId":"bYgBZRoB3ZizDrZwxuIsb","workflowName":"My workflow 7","executionId":"3","nodeType":"n8n-nodes-base.graphql","nodeName":"GraphQL","nodeId":"85c618fd-0d30-4313-a135-ebcc755bd1ff"}}
{"__type":"$$EventMessageConfirm","confirm":"e9908f1c-4f22-4d43-b7e9-7d6051fe3b4a","ts":"2026-02-10T03:03:30.646-05:00","source":{"id":"0","name":"eventBus"}}
{"__type":"$$EventMessageNode","id":"53f62489-b6e7-4a78-a06e-2e18b78c0e32","ts":"2026-02-10T03:03:32.102-05:00","eventName":"n8n.node.finished","message":"n8n.node.finished","payload":{"workflowId":"bYgBZRoB3ZizDrZwxuIsb","workflowName":"My workflow 7","executionId":"3","nodeType":"n8n-nodes-base.graphql","nodeName":"GraphQL","nodeId":"85c618fd-0d30-4313-a135-ebcc755bd1ff"}}
{"__type":"$$EventMessageConfirm","confirm":"53f62489-b6e7-4a78-a06e-2e18b78c0e32","ts":"2026-02-10T03:03:32.102-05:00","source":{"id":"0","name":"eventBus"}}
{"__type":"$$EventMessageNode","id":"28d2845b-4f7d-4346-80bd-77cb6bc460b4","ts":"2026-02-10T03:03:32.103-05:00","eventName":"n8n.node.started","message":"n8n.node.started","payload":{"workflowId":"bYgBZRoB3ZizDrZwxuIsb","workflowName":"My workflow 7","executionId":"3","nodeType":"n8n-nodes-base.code","nodeName":"Process & Aggregate","nodeId":"065dee17-5a6c-47ab-b5b5-c00d4151f4cc"}}
{"__type":"$$EventMessageConfirm","confirm":"28d2845b-4f7d-4346-80bd-77cb6bc460b4","ts":"2026-02-10T03:03:32.103-05:00","source":{"id":"0","name":"eventBus"}}
{"__type":"$$EventMessageRunner","id":"a6abe7e4-d827-4a85-bdd2-3de1a19dae26","ts":"2026-02-10T03:03:32.105-05:00","eventName":"n8n.runner.task.requested","message":"n8n.runner.task.requested","payload":{"taskId":"c6FCr6sX","nodeId":"065dee17-5a6c-47ab-b5b5-c00d4151f4cc","workflowId":"bYgBZRoB3ZizDrZwxuIsb","executionId":"3"}}
{"__type":"$$EventMessageConfirm","confirm":"a6abe7e4-d827-4a85-bdd2-3de1a19dae26","ts":"2026-02-10T03:03:32.105-05:00","source":{"id":"0","name":"eventBus"}}
{"__type":"$$EventMessageRunner","id":"c48d8357-37ee-408c-9cda-87235fbefe8e","ts":"2026-02-10T03:03:32.121-05:00","eventName":"n8n.runner.response.received","message":"n8n.runner.response.received","payload":{"taskId":"c6FCr6sX","nodeId":"065dee17-5a6c-47ab-b5b5-c00d4151f4cc","workflowId":"bYgBZRoB3ZizDrZwxuIsb","executionId":"3"}}
{"__type":"$$EventMessageConfirm","confirm":"c48d8357-37ee-408c-9cda-87235fbefe8e","ts":"2026-02-10T03:03:32.121-05:00","source":{"id":"0","name":"eventBus"}}
{"__type":"$$EventMessageNode","id":"c7bffde2-b83a-4b38-9721-65b2294ee81a","ts":"2026-02-10T03:03:32.121-05:00","eventName":"n8n.node.finished","message":"n8n.node.finished","payload":{"workflowId":"bYgBZRoB3ZizDrZwxuIsb","workflowName":"My workflow 7","executionId":"3","nodeType":"n8n-nodes-base.code","nodeName":"Process & Aggregate","nodeId":"065dee17-5a6c-47ab-b5b5-c00d4151f4cc"}}
{"__type":"$$EventMessageConfirm","confirm":"c7bffde2-b83a-4b38-9721-65b2294ee81a","ts":"2026-02-10T03:03:32.122-05:00","source":{"id":"0","name":"eventBus"}}
{"__type":"$$EventMessageNode","id":"578d1051-7adc-4e80-af80-ec0138a3f436","ts":"2026-02-10T03:03:32.122-05:00","eventName":"n8n.node.started","message":"n8n.node.started","payload":{"workflowId":"bYgBZRoB3ZizDrZwxuIsb","workflowName":"My workflow 7","executionId":"3","nodeType":"n8n-nodes-base.if","nodeName":"Check Loop","nodeId":"824f9127-f9f5-4575-8053-a5d7154cdedc"}}
{"__type":"$$EventMessageConfirm","confirm":"578d1051-7adc-4e80-af80-ec0138a3f436","ts":"2026-02-10T03:03:32.122-05:00","source":{"id":"0","name":"eventBus"}}
{"__type":"$$EventMessageNode","id":"3bc6e3b1-7db4-4942-b462-7b08483800f7","ts":"2026-02-10T03:03:32.123-05:00","eventName":"n8n.node.finished","message":"n8n.node.finished","payload":{"workflowId":"bYgBZRoB3ZizDrZwxuIsb","workflowName":"My workflow 7","executionId":"3","nodeType":"n8n-nodes-base.if","nodeName":"Check Loop","nodeId":"824f9127-f9f5-4575-8053-a5d7154cdedc"}}
{"__type":"$$EventMessageConfirm","confirm":"3bc6e3b1-7db4-4942-b462-7b08483800f7","ts":"2026-02-10T03:03:32.124-05:00","source":{"id":"0","name":"eventBus"}}
{"__type":"$$EventMessageNode","id":"51a254d7-5f7b-4679-92ad-be1a0440fc52","ts":"2026-02-10T03:03:32.124-05:00","eventName":"n8n.node.started","message":"n8n.node.started","payload":{"workflowId":"bYgBZRoB3ZizDrZwxuIsb","workflowName":"My workflow 7","executionId":"3","nodeType":"n8n-nodes-base.set","nodeName":"Update Cursor","nodeId":"a9e832e9-6cc0-4bbf-a132-12f93c59bc6e"}}
{"__type":"$$EventMessageConfirm","confirm":"51a254d7-5f7b-4679-92ad-be1a0440fc52","ts":"2026-02-10T03:03:32.126-05:00","source":{"id":"0","name":"eventBus"}}
{"__type":"$$EventMessageNode","id":"033b19c1-8327-4a58-b4cd-d97ff5affee0","ts":"2026-02-10T03:03:32.127-05:00","eventName":"n8n.node.finished","message":"n8n.node.finished","payload":{"workflowId":"bYgBZRoB3ZizDrZwxuIsb","workflowName":"My workflow 7","executionId":"3","nodeType":"n8n-nodes-base.set","nodeName":"Update Cursor","nodeId":"a9e832e9-6cc0-4bbf-a132-12f93c59bc6e"}}
{"__type":"$$EventMessageConfirm","confirm":"033b19c1-8327-4a58-b4cd-d97ff5affee0","ts":"2026-02-10T03:03:32.128-05:00","source":{"id":"0","name":"eventBus"}}
{"__type":"$$EventMessageNode","id":"cbdc40db-842f-46d2-9644-aa2c0ccdd9c8","ts":"2026-02-10T03:03:32.128-05:00","eventName":"n8n.node.started","message":"n8n.node.started","payload":{"workflowId":"bYgBZRoB3ZizDrZwxuIsb","workflowName":"My workflow 7","executionId":"3","nodeType":"n8n-nodes-base.wait","nodeName":"Wait","nodeId":"d4555a9c-319f-4576-8813-c6f706b3ad00"}}
{"__type":"$$EventMessageConfirm","confirm":"cbdc40db-842f-46d2-9644-aa2c0ccdd9c8","ts":"2026-02-10T03:03:32.128-05:00","source":{"id":"0","name":"eventBus"}}
{"__type":"$$EventMessageNode","id":"9745ddea-a143-48ac-b07d-8f358062f71e","ts":"2026-02-10T03:03:34.129-05:00","eventName":"n8n.node.finished","message":"n8n.node.finished","payload":{"workflowId":"bYgBZRoB3ZizDrZwxuIsb","workflowName":"My workflow 7","executionId":"3","nodeType":"n8n-nodes-base.wait","nodeName":"Wait","nodeId":"d4555a9c-319f-4576-8813-c6f706b3ad00"}}
{"__type":"$$EventMessageConfirm","confirm":"9745ddea-a143-48ac-b07d-8f358062f71e","ts":"2026-02-10T03:03:34.129-05:00","source":{"id":"0","name":"eventBus"}}
{"__type":"$$EventMessageNode","id":"9aefd9fb-cd26-4534-a5f7-0d3631f378c7","ts":"2026-02-10T03:03:34.130-05:00","eventName":"n8n.node.started","message":"n8n.node.started","payload":{"workflowId":"bYgBZRoB3ZizDrZwxuIsb","workflowName":"My workflow 7","executionId":"3","nodeType":"n8n-nodes-base.graphql","nodeName":"GraphQL","nodeId":"85c618fd-0d30-4313-a135-ebcc755bd1ff"}}
{"__type":"$$EventMessageConfirm","confirm":"9aefd9fb-cd26-4534-a5f7-0d3631f378c7","ts":"2026-02-10T03:03:34.130-05:00","source":{"id":"0","name":"eventBus"}}
{"__type":"$$EventMessageNode","id":"f9209550-8570-4b9a-b53f-3cc6cf640eeb","ts":"2026-02-10T03:03:35.056-05:00","eventName":"n8n.node.finished","message":"n8n.node.finished","payload":{"workflowId":"bYgBZRoB3ZizDrZwxuIsb","workflowName":"My workflow 7","executionId":"3","nodeType":"n8n-nodes-base.graphql","nodeName":"GraphQL","nodeId":"85c618fd-0d30-4313-a135-ebcc755bd1ff"}}
{"__type":"$$EventMessageConfirm","confirm":"f9209550-8570-4b9a-b53f-3cc6cf640eeb","ts":"2026-02-10T03:03:35.056-05:00","source":{"id":"0","name":"eventBus"}}
{"__type":"$$EventMessageNode","id":"2cad029b-7b1d-4622-a572-401b56d282ca","ts":"2026-02-10T03:03:35.057-05:00","eventName":"n8n.node.started","message":"n8n.node.started","payload":{"workflowId":"bYgBZRoB3ZizDrZwxuIsb","workflowName":"My workflow 7","executionId":"3","nodeType":"n8n-nodes-base.code","nodeName":"Process & Aggregate","nodeId":"065dee17-5a6c-47ab-b5b5-c00d4151f4cc"}}
{"__type":"$$EventMessageConfirm","confirm":"2cad029b-7b1d-4622-a572-401b56d282ca","ts":"2026-02-10T03:03:35.057-05:00","source":{"id":"0","name":"eventBus"}}
{"__type":"$$EventMessageRunner","id":"9b560b3a-ebcb-409e-b0d0-584c40a603a0","ts":"2026-02-10T03:03:35.059-05:00","eventName":"n8n.runner.task.requested","message":"n8n.runner.task.requested","payload":{"taskId":"N53ElgrD","nodeId":"065dee17-5a6c-47ab-b5b5-c00d4151f4cc","workflowId":"bYgBZRoB3ZizDrZwxuIsb","executionId":"3"}}
{"__type":"$$EventMessageConfirm","confirm":"9b560b3a-ebcb-409e-b0d0-584c40a603a0","ts":"2026-02-10T03:03:35.059-05:00","source":{"id":"0","name":"eventBus"}}
{"__type":"$$EventMessageRunner","id":"a57abf36-5591-41e8-b401-7e28426a5170","ts":"2026-02-10T03:03:35.076-05:00","eventName":"n8n.runner.response.received","message":"n8n.runner.response.received","payload":{"taskId":"N53ElgrD","nodeId":"065dee17-5a6c-47ab-b5b5-c00d4151f4cc","workflowId":"bYgBZRoB3ZizDrZwxuIsb","executionId":"3"}}
{"__type":"$$EventMessageConfirm","confirm":"a57abf36-5591-41e8-b401-7e28426a5170","ts":"2026-02-10T03:03:35.076-05:00","source":{"id":"0","name":"eventBus"}}
{"__type":"$$EventMessageNode","id":"3c4155f7-97cc-4784-aee7-8d848960894c","ts":"2026-02-10T03:03:35.078-05:00","eventName":"n8n.node.finished","message":"n8n.node.finished","payload":{"workflowId":"bYgBZRoB3ZizDrZwxuIsb","workflowName":"My workflow 7","executionId":"3","nodeType":"n8n-nodes-base.code","nodeName":"Process & Aggregate","nodeId":"065dee17-5a6c-47ab-b5b5-c00d4151f4cc"}}
{"__type":"$$EventMessageConfirm","confirm":"3c4155f7-97cc-4784-aee7-8d848960894c","ts":"2026-02-10T03:03:35.078-05:00","source":{"id":"0","name":"eventBus"}}
{"__type":"$$EventMessageNode","id":"94d27fd0-efb8-4ffd-9d36-894b5866a5ed","ts":"2026-02-10T03:03:35.079-05:00","eventName":"n8n.node.started","message":"n8n.node.started","payload":{"workflowId":"bYgBZRoB3ZizDrZwxuIsb","workflowName":"My workflow 7","executionId":"3","nodeType":"n8n-nodes-base.if","nodeName":"Check Loop","nodeId":"824f9127-f9f5-4575-8053-a5d7154cdedc"}}
{"__type":"$$EventMessageConfirm","confirm":"94d27fd0-efb8-4ffd-9d36-894b5866a5ed","ts":"2026-02-10T03:03:35.079-05:00","source":{"id":"0","name":"eventBus"}}
{"__type":"$$EventMessageNode","id":"d544348e-389f-4f28-a6e8-3ebe5d23d973","ts":"2026-02-10T03:03:35.080-05:00","eventName":"n8n.node.finished","message":"n8n.node.finished","payload":{"workflowId":"bYgBZRoB3ZizDrZwxuIsb","workflowName":"My workflow 7","executionId":"3","nodeType":"n8n-nodes-base.if","nodeName":"Check Loop","nodeId":"824f9127-f9f5-4575-8053-a5d7154cdedc"}}
{"__type":"$$EventMessageConfirm","confirm":"d544348e-389f-4f28-a6e8-3ebe5d23d973","ts":"2026-02-10T03:03:35.080-05:00","source":{"id":"0","name":"eventBus"}}
{"__type":"$$EventMessageNode","id":"9d8dc887-bef4-47dd-af16-9ccba73d627c","ts":"2026-02-10T03:03:35.081-05:00","eventName":"n8n.node.started","message":"n8n.node.started","payload":{"workflowId":"bYgBZRoB3ZizDrZwxuIsb","workflowName":"My workflow 7","executionId":"3","nodeType":"n8n-nodes-base.set","nodeName":"Update Cursor","nodeId":"a9e832e9-6cc0-4bbf-a132-12f93c59bc6e"}}
{"__type":"$$EventMessageConfirm","confirm":"9d8dc887-bef4-47dd-af16-9ccba73d627c","ts":"2026-02-10T03:03:35.081-05:00","source":{"id":"0","name":"eventBus"}}
{"__type":"$$EventMessageNode","id":"11105f01-7e3a-46bb-aea1-6308c1a4cc04","ts":"2026-02-10T03:03:35.083-05:00","eventName":"n8n.node.finished","message":"n8n.node.finished","payload":{"workflowId":"bYgBZRoB3ZizDrZwxuIsb","workflowName":"My workflow 7","executionId":"3","nodeType":"n8n-nodes-base.set","nodeName":"Update Cursor","nodeId":"a9e832e9-6cc0-4bbf-a132-12f93c59bc6e"}}
{"__type":"$$EventMessageConfirm","confirm":"11105f01-7e3a-46bb-aea1-6308c1a4cc04","ts":"2026-02-10T03:03:35.083-05:00","source":{"id":"0","name":"eventBus"}}
{"__type":"$$EventMessageNode","id":"8c8c2b3a-aabf-4ffc-a67d-bac4eff37ff9","ts":"2026-02-10T03:03:35.084-05:00","eventName":"n8n.node.started","message":"n8n.node.started","payload":{"workflowId":"bYgBZRoB3ZizDrZwxuIsb","workflowName":"My workflow 7","executionId":"3","nodeType":"n8n-nodes-base.wait","nodeName":"Wait","nodeId":"d4555a9c-319f-4576-8813-c6f706b3ad00"}}
{"__type":"$$EventMessageConfirm","confirm":"8c8c2b3a-aabf-4ffc-a67d-bac4eff37ff9","ts":"2026-02-10T03:03:35.084-05:00","source":{"id":"0","name":"eventBus"}}
{"__type":"$$EventMessageNode","id":"7599eb9b-e808-4638-b46e-c4ffcef02f14","ts":"2026-02-10T03:03:37.085-05:00","eventName":"n8n.node.finished","message":"n8n.node.finished","payload":{"workflowId":"bYgBZRoB3ZizDrZwxuIsb","workflowName":"My workflow 7","executionId":"3","nodeType":"n8n-nodes-base.wait","nodeName":"Wait","nodeId":"d4555a9c-319f-4576-8813-c6f706b3ad00"}}
{"__type":"$$EventMessageConfirm","confirm":"7599eb9b-e808-4638-b46e-c4ffcef02f14","ts":"2026-02-10T03:03:37.085-05:00","source":{"id":"0","name":"eventBus"}}
{"__type":"$$EventMessageNode","id":"bed5cfa5-1a16-4592-90a7-0fa5149d4e79","ts":"2026-02-10T03:03:37.086-05:00","eventName":"n8n.node.started","message":"n8n.node.started","payload":{"workflowId":"bYgBZRoB3ZizDrZwxuIsb","workflowName":"My workflow 7","executionId":"3","nodeType":"n8n-nodes-base.graphql","nodeName":"GraphQL","nodeId":"85c618fd-0d30-4313-a135-ebcc755bd1ff"}}
{"__type":"$$EventMessageConfirm","confirm":"bed5cfa5-1a16-4592-90a7-0fa5149d4e79","ts":"2026-02-10T03:03:37.087-05:00","source":{"id":"0","name":"eventBus"}}
{"__type":"$$EventMessageNode","id":"ada08a6c-8c7a-4ac1-8358-0e493e2e516d","ts":"2026-02-10T03:03:37.596-05:00","eventName":"n8n.node.finished","message":"n8n.node.finished","payload":{"workflowId":"bYgBZRoB3ZizDrZwxuIsb","workflowName":"My workflow 7","executionId":"3","nodeType":"n8n-nodes-base.graphql","nodeName":"GraphQL","nodeId":"85c618fd-0d30-4313-a135-ebcc755bd1ff"}}
{"__type":"$$EventMessageConfirm","confirm":"ada08a6c-8c7a-4ac1-8358-0e493e2e516d","ts":"2026-02-10T03:03:37.596-05:00","source":{"id":"0","name":"eventBus"}}
{"__type":"$$EventMessageNode","id":"fb69f299-5509-4b44-801e-f0b481b54eb6","ts":"2026-02-10T03:03:37.597-05:00","eventName":"n8n.node.started","message":"n8n.node.started","payload":{"workflowId":"bYgBZRoB3ZizDrZwxuIsb","workflowName":"My workflow 7","executionId":"3","nodeType":"n8n-nodes-base.code","nodeName":"Process & Aggregate","nodeId":"065dee17-5a6c-47ab-b5b5-c00d4151f4cc"}}
{"__type":"$$EventMessageConfirm","confirm":"fb69f299-5509-4b44-801e-f0b481b54eb6","ts":"2026-02-10T03:03:37.597-05:00","source":{"id":"0","name":"eventBus"}}
{"__type":"$$EventMessageRunner","id":"32ee929a-34d4-470f-8d17-750b126d8124","ts":"2026-02-10T03:03:37.599-05:00","eventName":"n8n.runner.task.requested","message":"n8n.runner.task.requested","payload":{"taskId":"qVfj3To-","nodeId":"065dee17-5a6c-47ab-b5b5-c00d4151f4cc","workflowId":"bYgBZRoB3ZizDrZwxuIsb","executionId":"3"}}
{"__type":"$$EventMessageConfirm","confirm":"32ee929a-34d4-470f-8d17-750b126d8124","ts":"2026-02-10T03:03:37.599-05:00","source":{"id":"0","name":"eventBus"}}
{"__type":"$$EventMessageRunner","id":"19a59443-4994-4a62-abfa-dfd5c7c1723e","ts":"2026-02-10T03:03:37.616-05:00","eventName":"n8n.runner.response.received","message":"n8n.runner.response.received","payload":{"taskId":"qVfj3To-","nodeId":"065dee17-5a6c-47ab-b5b5-c00d4151f4cc","workflowId":"bYgBZRoB3ZizDrZwxuIsb","executionId":"3"}}
{"__type":"$$EventMessageConfirm","confirm":"19a59443-4994-4a62-abfa-dfd5c7c1723e","ts":"2026-02-10T03:03:37.617-05:00","source":{"id":"0","name":"eventBus"}}
{"__type":"$$EventMessageNode","id":"511acb84-f65c-4f65-a301-7402ac36c35f","ts":"2026-02-10T03:03:37.617-05:00","eventName":"n8n.node.finished","message":"n8n.node.finished","payload":{"workflowId":"bYgBZRoB3ZizDrZwxuIsb","workflowName":"My workflow 7","executionId":"3","nodeType":"n8n-nodes-base.code","nodeName":"Process & Aggregate","nodeId":"065dee17-5a6c-47ab-b5b5-c00d4151f4cc"}}
{"__type":"$$EventMessageConfirm","confirm":"511acb84-f65c-4f65-a301-7402ac36c35f","ts":"2026-02-10T03:03:37.617-05:00","source":{"id":"0","name":"eventBus"}}
{"__type":"$$EventMessageNode","id":"c54727d1-033f-4a75-913f-ff8159d6ad06","ts":"2026-02-10T03:03:37.618-05:00","eventName":"n8n.node.started","message":"n8n.node.started","payload":{"workflowId":"bYgBZRoB3ZizDrZwxuIsb","workflowName":"My workflow 7","executionId":"3","nodeType":"n8n-nodes-base.if","nodeName":"Check Loop","nodeId":"824f9127-f9f5-4575-8053-a5d7154cdedc"}}
{"__type":"$$EventMessageConfirm","confirm":"c54727d1-033f-4a75-913f-ff8159d6ad06","ts":"2026-02-10T03:03:37.618-05:00","source":{"id":"0","name":"eventBus"}}
{"__type":"$$EventMessageNode","id":"bbc7df61-a9e9-43ac-89ce-026e66f69939","ts":"2026-02-10T03:03:37.619-05:00","eventName":"n8n.node.finished","message":"n8n.node.finished","payload":{"workflowId":"bYgBZRoB3ZizDrZwxuIsb","workflowName":"My workflow 7","executionId":"3","nodeType":"n8n-nodes-base.if","nodeName":"Check Loop","nodeId":"824f9127-f9f5-4575-8053-a5d7154cdedc"}}
{"__type":"$$EventMessageConfirm","confirm":"bbc7df61-a9e9-43ac-89ce-026e66f69939","ts":"2026-02-10T03:03:37.619-05:00","source":{"id":"0","name":"eventBus"}}
{"__type":"$$EventMessageNode","id":"20561cd5-8d51-4e6c-8eae-69d2d8d09c04","ts":"2026-02-10T03:03:37.620-05:00","eventName":"n8n.node.started","message":"n8n.node.started","payload":{"workflowId":"bYgBZRoB3ZizDrZwxuIsb","workflowName":"My workflow 7","executionId":"3","nodeType":"n8n-nodes-base.set","nodeName":"Update Cursor","nodeId":"a9e832e9-6cc0-4bbf-a132-12f93c59bc6e"}}
{"__type":"$$EventMessageConfirm","confirm":"20561cd5-8d51-4e6c-8eae-69d2d8d09c04","ts":"2026-02-10T03:03:37.620-05:00","source":{"id":"0","name":"eventBus"}}
{"__type":"$$EventMessageNode","id":"dd2df6a6-0f8f-49f7-a451-3816fb475140","ts":"2026-02-10T03:03:37.621-05:00","eventName":"n8n.node.finished","message":"n8n.node.finished","payload":{"workflowId":"bYgBZRoB3ZizDrZwxuIsb","workflowName":"My workflow 7","executionId":"3","nodeType":"n8n-nodes-base.set","nodeName":"Update Cursor","nodeId":"a9e832e9-6cc0-4bbf-a132-12f93c59bc6e"}}
{"__type":"$$EventMessageConfirm","confirm":"dd2df6a6-0f8f-49f7-a451-3816fb475140","ts":"2026-02-10T03:03:37.621-05:00","source":{"id":"0","name":"eventBus"}}
{"__type":"$$EventMessageNode","id":"b174277d-3a98-4218-97d4-1181cde592ae","ts":"2026-02-10T03:03:37.622-05:00","eventName":"n8n.node.started","message":"n8n.node.started","payload":{"workflowId":"bYgBZRoB3ZizDrZwxuIsb","workflowName":"My workflow 7","executionId":"3","nodeType":"n8n-nodes-base.wait","nodeName":"Wait","nodeId":"d4555a9c-319f-4576-8813-c6f706b3ad00"}}
{"__type":"$$EventMessageConfirm","confirm":"b174277d-3a98-4218-97d4-1181cde592ae","ts":"2026-02-10T03:03:37.622-05:00","source":{"id":"0","name":"eventBus"}}
{"__type":"$$EventMessageNode","id":"7b77c5b8-a192-4122-b8bc-96ebefa169a7","ts":"2026-02-10T03:03:39.622-05:00","eventName":"n8n.node.finished","message":"n8n.node.finished","payload":{"workflowId":"bYgBZRoB3ZizDrZwxuIsb","workflowName":"My workflow 7","executionId":"3","nodeType":"n8n-nodes-base.wait","nodeName":"Wait","nodeId":"d4555a9c-319f-4576-8813-c6f706b3ad00"}}
{"__type":"$$EventMessageConfirm","confirm":"7b77c5b8-a192-4122-b8bc-96ebefa169a7","ts":"2026-02-10T03:03:39.623-05:00","source":{"id":"0","name":"eventBus"}}
{"__type":"$$EventMessageNode","id":"43fef76e-6a01-4b22-8b17-cdc57a7716f5","ts":"2026-02-10T03:03:39.623-05:00","eventName":"n8n.node.started","message":"n8n.node.started","payload":{"workflowId":"bYgBZRoB3ZizDrZwxuIsb","workflowName":"My workflow 7","executionId":"3","nodeType":"n8n-nodes-base.graphql","nodeName":"GraphQL","nodeId":"85c618fd-0d30-4313-a135-ebcc755bd1ff"}}
{"__type":"$$EventMessageConfirm","confirm":"43fef76e-6a01-4b22-8b17-cdc57a7716f5","ts":"2026-02-10T03:03:39.623-05:00","source":{"id":"0","name":"eventBus"}}
{"__type":"$$EventMessageNode","id":"865a9ec6-bfe7-4488-9fbe-7def45ae3ebf","ts":"2026-02-10T03:03:40.275-05:00","eventName":"n8n.node.finished","message":"n8n.node.finished","payload":{"workflowId":"bYgBZRoB3ZizDrZwxuIsb","workflowName":"My workflow 7","executionId":"3","nodeType":"n8n-nodes-base.graphql","nodeName":"GraphQL","nodeId":"85c618fd-0d30-4313-a135-ebcc755bd1ff"}}
{"__type":"$$EventMessageConfirm","confirm":"865a9ec6-bfe7-4488-9fbe-7def45ae3ebf","ts":"2026-02-10T03:03:40.276-05:00","source":{"id":"0","name":"eventBus"}}
{"__type":"$$EventMessageNode","id":"2b235f36-797a-4e94-9a0c-030b56039fd2","ts":"2026-02-10T03:03:40.276-05:00","eventName":"n8n.node.started","message":"n8n.node.started","payload":{"workflowId":"bYgBZRoB3ZizDrZwxuIsb","workflowName":"My workflow 7","executionId":"3","nodeType":"n8n-nodes-base.code","nodeName":"Process & Aggregate","nodeId":"065dee17-5a6c-47ab-b5b5-c00d4151f4cc"}}
{"__type":"$$EventMessageConfirm","confirm":"2b235f36-797a-4e94-9a0c-030b56039fd2","ts":"2026-02-10T03:03:40.277-05:00","source":{"id":"0","name":"eventBus"}}
{"__type":"$$EventMessageRunner","id":"615e70cb-75f4-4584-9cb0-178bebe0daef","ts":"2026-02-10T03:03:40.278-05:00","eventName":"n8n.runner.task.requested","message":"n8n.runner.task.requested","payload":{"taskId":"3J8Jxy-D","nodeId":"065dee17-5a6c-47ab-b5b5-c00d4151f4cc","workflowId":"bYgBZRoB3ZizDrZwxuIsb","executionId":"3"}}
{"__type":"$$EventMessageConfirm","confirm":"615e70cb-75f4-4584-9cb0-178bebe0daef","ts":"2026-02-10T03:03:40.278-05:00","source":{"id":"0","name":"eventBus"}}
{"__type":"$$EventMessageRunner","id":"3d81b9d2-15cb-47a5-b79e-d9ff402bc403","ts":"2026-02-10T03:03:40.296-05:00","eventName":"n8n.runner.response.received","message":"n8n.runner.response.received","payload":{"taskId":"3J8Jxy-D","nodeId":"065dee17-5a6c-47ab-b5b5-c00d4151f4cc","workflowId":"bYgBZRoB3ZizDrZwxuIsb","executionId":"3"}}
{"__type":"$$EventMessageConfirm","confirm":"3d81b9d2-15cb-47a5-b79e-d9ff402bc403","ts":"2026-02-10T03:03:40.296-05:00","source":{"id":"0","name":"eventBus"}}
{"__type":"$$EventMessageNode","id":"1bb9bcc9-d4c4-4c40-afc8-6536e94c0254","ts":"2026-02-10T03:03:40.296-05:00","eventName":"n8n.node.finished","message":"n8n.node.finished","payload":{"workflowId":"bYgBZRoB3ZizDrZwxuIsb","workflowName":"My workflow 7","executionId":"3","nodeType":"n8n-nodes-base.code","nodeName":"Process & Aggregate","nodeId":"065dee17-5a6c-47ab-b5b5-c00d4151f4cc"}}
{"__type":"$$EventMessageConfirm","confirm":"1bb9bcc9-d4c4-4c40-afc8-6536e94c0254","ts":"2026-02-10T03:03:40.296-05:00","source":{"id":"0","name":"eventBus"}}
{"__type":"$$EventMessageNode","id":"eb1b47ee-677f-4b8f-93b9-551a3950de67","ts":"2026-02-10T03:03:40.297-05:00","eventName":"n8n.node.started","message":"n8n.node.started","payload":{"workflowId":"bYgBZRoB3ZizDrZwxuIsb","workflowName":"My workflow 7","executionId":"3","nodeType":"n8n-nodes-base.if","nodeName":"Check Loop","nodeId":"824f9127-f9f5-4575-8053-a5d7154cdedc"}}
{"__type":"$$EventMessageConfirm","confirm":"eb1b47ee-677f-4b8f-93b9-551a3950de67","ts":"2026-02-10T03:03:40.297-05:00","source":{"id":"0","name":"eventBus"}}
{"__type":"$$EventMessageNode","id":"1e669d38-4730-4ea9-974d-7f110e9a9138","ts":"2026-02-10T03:03:40.300-05:00","eventName":"n8n.node.finished","message":"n8n.node.finished","payload":{"workflowId":"bYgBZRoB3ZizDrZwxuIsb","workflowName":"My workflow 7","executionId":"3","nodeType":"n8n-nodes-base.if","nodeName":"Check Loop","nodeId":"824f9127-f9f5-4575-8053-a5d7154cdedc"}}
{"__type":"$$EventMessageConfirm","confirm":"1e669d38-4730-4ea9-974d-7f110e9a9138","ts":"2026-02-10T03:03:40.300-05:00","source":{"id":"0","name":"eventBus"}}
{"__type":"$$EventMessageNode","id":"aa624862-d861-4ced-a991-7f93bb734eea","ts":"2026-02-10T03:03:40.301-05:00","eventName":"n8n.node.started","message":"n8n.node.started","payload":{"workflowId":"bYgBZRoB3ZizDrZwxuIsb","workflowName":"My workflow 7","executionId":"3","nodeType":"n8n-nodes-base.set","nodeName":"Update Cursor","nodeId":"a9e832e9-6cc0-4bbf-a132-12f93c59bc6e"}}
{"__type":"$$EventMessageConfirm","confirm":"aa624862-d861-4ced-a991-7f93bb734eea","ts":"2026-02-10T03:03:40.301-05:00","source":{"id":"0","name":"eventBus"}}
{"__type":"$$EventMessageNode","id":"2f81f239-aba8-4efa-bb5c-c79c11c7f8c0","ts":"2026-02-10T03:03:40.302-05:00","eventName":"n8n.node.finished","message":"n8n.node.finished","payload":{"workflowId":"bYgBZRoB3ZizDrZwxuIsb","workflowName":"My workflow 7","executionId":"3","nodeType":"n8n-nodes-base.set","nodeName":"Update Cursor","nodeId":"a9e832e9-6cc0-4bbf-a132-12f93c59bc6e"}}
{"__type":"$$EventMessageConfirm","confirm":"2f81f239-aba8-4efa-bb5c-c79c11c7f8c0","ts":"2026-02-10T03:03:40.302-05:00","source":{"id":"0","name":"eventBus"}}
{"__type":"$$EventMessageNode","id":"76d06f6e-af09-4489-af07-90f99c798371","ts":"2026-02-10T03:03:40.303-05:00","eventName":"n8n.node.started","message":"n8n.node.started","payload":{"workflowId":"bYgBZRoB3ZizDrZwxuIsb","workflowName":"My workflow 7","executionId":"3","nodeType":"n8n-nodes-base.wait","nodeName":"Wait","nodeId":"d4555a9c-319f-4576-8813-c6f706b3ad00"}}
{"__type":"$$EventMessageConfirm","confirm":"76d06f6e-af09-4489-af07-90f99c798371","ts":"2026-02-10T03:03:40.303-05:00","source":{"id":"0","name":"eventBus"}}
{"__type":"$$EventMessageNode","id":"fa16c77d-8485-4ed1-8ebc-1516875707ff","ts":"2026-02-10T03:03:42.305-05:00","eventName":"n8n.node.finished","message":"n8n.node.finished","payload":{"workflowId":"bYgBZRoB3ZizDrZwxuIsb","workflowName":"My workflow 7","executionId":"3","nodeType":"n8n-nodes-base.wait","nodeName":"Wait","nodeId":"d4555a9c-319f-4576-8813-c6f706b3ad00"}}
{"__type":"$$EventMessageConfirm","confirm":"fa16c77d-8485-4ed1-8ebc-1516875707ff","ts":"2026-02-10T03:03:42.305-05:00","source":{"id":"0","name":"eventBus"}}
{"__type":"$$EventMessageNode","id":"28faa0af-0e51-4dbc-bd65-f4577c820c46","ts":"2026-02-10T03:03:42.306-05:00","eventName":"n8n.node.started","message":"n8n.node.started","payload":{"workflowId":"bYgBZRoB3ZizDrZwxuIsb","workflowName":"My workflow 7","executionId":"3","nodeType":"n8n-nodes-base.graphql","nodeName":"GraphQL","nodeId":"85c618fd-0d30-4313-a135-ebcc755bd1ff"}}
{"__type":"$$EventMessageConfirm","confirm":"28faa0af-0e51-4dbc-bd65-f4577c820c46","ts":"2026-02-10T03:03:42.306-05:00","source":{"id":"0","name":"eventBus"}}
{"__type":"$$EventMessageNode","id":"bbe446dd-901a-452c-9e89-e0cb83ff38d6","ts":"2026-02-10T03:03:44.446-05:00","eventName":"n8n.node.finished","message":"n8n.node.finished","payload":{"workflowId":"bYgBZRoB3ZizDrZwxuIsb","workflowName":"My workflow 7","executionId":"3","nodeType":"n8n-nodes-base.graphql","nodeName":"GraphQL","nodeId":"85c618fd-0d30-4313-a135-ebcc755bd1ff"}}
{"__type":"$$EventMessageConfirm","confirm":"bbe446dd-901a-452c-9e89-e0cb83ff38d6","ts":"2026-02-10T03:03:44.447-05:00","source":{"id":"0","name":"eventBus"}}
{"__type":"$$EventMessageNode","id":"8250966b-76c1-4ee4-a51a-fb3078c6f69a","ts":"2026-02-10T03:03:44.448-05:00","eventName":"n8n.node.started","message":"n8n.node.started","payload":{"workflowId":"bYgBZRoB3ZizDrZwxuIsb","workflowName":"My workflow 7","executionId":"3","nodeType":"n8n-nodes-base.code","nodeName":"Process & Aggregate","nodeId":"065dee17-5a6c-47ab-b5b5-c00d4151f4cc"}}
{"__type":"$$EventMessageConfirm","confirm":"8250966b-76c1-4ee4-a51a-fb3078c6f69a","ts":"2026-02-10T03:03:44.448-05:00","source":{"id":"0","name":"eventBus"}}
{"__type":"$$EventMessageRunner","id":"b179dcd5-9ee1-46d4-9805-92af434e3b6e","ts":"2026-02-10T03:03:44.450-05:00","eventName":"n8n.runner.task.requested","message":"n8n.runner.task.requested","payload":{"taskId":"_H8ZAT2r","nodeId":"065dee17-5a6c-47ab-b5b5-c00d4151f4cc","workflowId":"bYgBZRoB3ZizDrZwxuIsb","executionId":"3"}}
{"__type":"$$EventMessageConfirm","confirm":"b179dcd5-9ee1-46d4-9805-92af434e3b6e","ts":"2026-02-10T03:03:44.450-05:00","source":{"id":"0","name":"eventBus"}}
{"__type":"$$EventMessageRunner","id":"80715a55-1cd7-4af9-8611-caa565a18771","ts":"2026-02-10T03:03:44.474-05:00","eventName":"n8n.runner.response.received","message":"n8n.runner.response.received","payload":{"taskId":"_H8ZAT2r","nodeId":"065dee17-5a6c-47ab-b5b5-c00d4151f4cc","workflowId":"bYgBZRoB3ZizDrZwxuIsb","executionId":"3"}}
{"__type":"$$EventMessageConfirm","confirm":"80715a55-1cd7-4af9-8611-caa565a18771","ts":"2026-02-10T03:03:44.474-05:00","source":{"id":"0","name":"eventBus"}}
{"__type":"$$EventMessageNode","id":"8c4635ed-cfc3-480c-b9a0-c12787961fa0","ts":"2026-02-10T03:03:44.475-05:00","eventName":"n8n.node.finished","message":"n8n.node.finished","payload":{"workflowId":"bYgBZRoB3ZizDrZwxuIsb","workflowName":"My workflow 7","executionId":"3","nodeType":"n8n-nodes-base.code","nodeName":"Process & Aggregate","nodeId":"065dee17-5a6c-47ab-b5b5-c00d4151f4cc"}}
{"__type":"$$EventMessageConfirm","confirm":"8c4635ed-cfc3-480c-b9a0-c12787961fa0","ts":"2026-02-10T03:03:44.475-05:00","source":{"id":"0","name":"eventBus"}}
{"__type":"$$EventMessageNode","id":"3d46fdc1-7067-4aa2-9f99-739c0e8103c7","ts":"2026-02-10T03:03:44.475-05:00","eventName":"n8n.node.started","message":"n8n.node.started","payload":{"workflowId":"bYgBZRoB3ZizDrZwxuIsb","workflowName":"My workflow 7","executionId":"3","nodeType":"n8n-nodes-base.if","nodeName":"Check Loop","nodeId":"824f9127-f9f5-4575-8053-a5d7154cdedc"}}
{"__type":"$$EventMessageConfirm","confirm":"3d46fdc1-7067-4aa2-9f99-739c0e8103c7","ts":"2026-02-10T03:03:44.476-05:00","source":{"id":"0","name":"eventBus"}}
{"__type":"$$EventMessageNode","id":"8d30f2c1-fa5f-40fa-96ef-73ebba4f5cf0","ts":"2026-02-10T03:03:44.477-05:00","eventName":"n8n.node.finished","message":"n8n.node.finished","payload":{"workflowId":"bYgBZRoB3ZizDrZwxuIsb","workflowName":"My workflow 7","executionId":"3","nodeType":"n8n-nodes-base.if","nodeName":"Check Loop","nodeId":"824f9127-f9f5-4575-8053-a5d7154cdedc"}}
{"__type":"$$EventMessageConfirm","confirm":"8d30f2c1-fa5f-40fa-96ef-73ebba4f5cf0","ts":"2026-02-10T03:03:44.477-05:00","source":{"id":"0","name":"eventBus"}}
{"__type":"$$EventMessageNode","id":"7690cd30-1c15-40f5-93fe-04f409a40500","ts":"2026-02-10T03:03:44.478-05:00","eventName":"n8n.node.started","message":"n8n.node.started","payload":{"workflowId":"bYgBZRoB3ZizDrZwxuIsb","workflowName":"My workflow 7","executionId":"3","nodeType":"n8n-nodes-base.set","nodeName":"Update Cursor","nodeId":"a9e832e9-6cc0-4bbf-a132-12f93c59bc6e"}}
{"__type":"$$EventMessageConfirm","confirm":"7690cd30-1c15-40f5-93fe-04f409a40500","ts":"2026-02-10T03:03:44.479-05:00","source":{"id":"0","name":"eventBus"}}
{"__type":"$$EventMessageNode","id":"4af03a75-0bc0-4172-9bd7-4ca220256bb9","ts":"2026-02-10T03:03:44.481-05:00","eventName":"n8n.node.finished","message":"n8n.node.finished","payload":{"workflowId":"bYgBZRoB3ZizDrZwxuIsb","workflowName":"My workflow 7","executionId":"3","nodeType":"n8n-nodes-base.set","nodeName":"Update Cursor","nodeId":"a9e832e9-6cc0-4bbf-a132-12f93c59bc6e"}}
{"__type":"$$EventMessageConfirm","confirm":"4af03a75-0bc0-4172-9bd7-4ca220256bb9","ts":"2026-02-10T03:03:44.481-05:00","source":{"id":"0","name":"eventBus"}}
{"__type":"$$EventMessageNode","id":"9ccf4d28-8308-4aa8-bccb-1251694b8a4b","ts":"2026-02-10T03:03:44.483-05:00","eventName":"n8n.node.started","message":"n8n.node.started","payload":{"workflowId":"bYgBZRoB3ZizDrZwxuIsb","workflowName":"My workflow 7","executionId":"3","nodeType":"n8n-nodes-base.wait","nodeName":"Wait","nodeId":"d4555a9c-319f-4576-8813-c6f706b3ad00"}}
{"__type":"$$EventMessageConfirm","confirm":"9ccf4d28-8308-4aa8-bccb-1251694b8a4b","ts":"2026-02-10T03:03:44.483-05:00","source":{"id":"0","name":"eventBus"}}
{"__type":"$$EventMessageNode","id":"e6804a6b-c2b8-461b-a40b-b5742e78191e","ts":"2026-02-10T03:03:46.485-05:00","eventName":"n8n.node.finished","message":"n8n.node.finished","payload":{"workflowId":"bYgBZRoB3ZizDrZwxuIsb","workflowName":"My workflow 7","executionId":"3","nodeType":"n8n-nodes-base.wait","nodeName":"Wait","nodeId":"d4555a9c-319f-4576-8813-c6f706b3ad00"}}
{"__type":"$$EventMessageConfirm","confirm":"e6804a6b-c2b8-461b-a40b-b5742e78191e","ts":"2026-02-10T03:03:46.485-05:00","source":{"id":"0","name":"eventBus"}}
{"__type":"$$EventMessageNode","id":"ebdaa735-d114-462c-97fa-ce5dc7f153f8","ts":"2026-02-10T03:03:46.486-05:00","eventName":"n8n.node.started","message":"n8n.node.started","payload":{"workflowId":"bYgBZRoB3ZizDrZwxuIsb","workflowName":"My workflow 7","executionId":"3","nodeType":"n8n-nodes-base.graphql","nodeName":"GraphQL","nodeId":"85c618fd-0d30-4313-a135-ebcc755bd1ff"}}
{"__type":"$$EventMessageConfirm","confirm":"ebdaa735-d114-462c-97fa-ce5dc7f153f8","ts":"2026-02-10T03:03:46.486-05:00","source":{"id":"0","name":"eventBus"}}
{"__type":"$$EventMessageNode","id":"a07d8956-ccdc-4710-8d30-44e0819f3b21","ts":"2026-02-10T03:03:47.748-05:00","eventName":"n8n.node.finished","message":"n8n.node.finished","payload":{"workflowId":"bYgBZRoB3ZizDrZwxuIsb","workflowName":"My workflow 7","executionId":"3","nodeType":"n8n-nodes-base.graphql","nodeName":"GraphQL","nodeId":"85c618fd-0d30-4313-a135-ebcc755bd1ff"}}
{"__type":"$$EventMessageConfirm","confirm":"a07d8956-ccdc-4710-8d30-44e0819f3b21","ts":"2026-02-10T03:03:47.749-05:00","source":{"id":"0","name":"eventBus"}}
{"__type":"$$EventMessageNode","id":"6ec0040e-6713-478b-bfc3-1298aa61e5b5","ts":"2026-02-10T03:03:47.749-05:00","eventName":"n8n.node.started","message":"n8n.node.started","payload":{"workflowId":"bYgBZRoB3ZizDrZwxuIsb","workflowName":"My workflow 7","executionId":"3","nodeType":"n8n-nodes-base.code","nodeName":"Process & Aggregate","nodeId":"065dee17-5a6c-47ab-b5b5-c00d4151f4cc"}}
{"__type":"$$EventMessageConfirm","confirm":"6ec0040e-6713-478b-bfc3-1298aa61e5b5","ts":"2026-02-10T03:03:47.750-05:00","source":{"id":"0","name":"eventBus"}}
{"__type":"$$EventMessageRunner","id":"83492ea7-213e-4639-be03-2e94c488e6ee","ts":"2026-02-10T03:03:47.751-05:00","eventName":"n8n.runner.task.requested","message":"n8n.runner.task.requested","payload":{"taskId":"Vi2y4p94","nodeId":"065dee17-5a6c-47ab-b5b5-c00d4151f4cc","workflowId":"bYgBZRoB3ZizDrZwxuIsb","executionId":"3"}}
{"__type":"$$EventMessageConfirm","confirm":"83492ea7-213e-4639-be03-2e94c488e6ee","ts":"2026-02-10T03:03:47.751-05:00","source":{"id":"0","name":"eventBus"}}
{"__type":"$$EventMessageRunner","id":"f7c31962-d961-4703-b393-0a3c09b5fc10","ts":"2026-02-10T03:03:47.773-05:00","eventName":"n8n.runner.response.received","message":"n8n.runner.response.received","payload":{"taskId":"Vi2y4p94","nodeId":"065dee17-5a6c-47ab-b5b5-c00d4151f4cc","workflowId":"bYgBZRoB3ZizDrZwxuIsb","executionId":"3"}}
{"__type":"$$EventMessageConfirm","confirm":"f7c31962-d961-4703-b393-0a3c09b5fc10","ts":"2026-02-10T03:03:47.774-05:00","source":{"id":"0","name":"eventBus"}}
{"__type":"$$EventMessageNode","id":"48a420a8-9432-4a34-9f3f-1785a8ac4ea5","ts":"2026-02-10T03:03:47.777-05:00","eventName":"n8n.node.finished","message":"n8n.node.finished","payload":{"workflowId":"bYgBZRoB3ZizDrZwxuIsb","workflowName":"My workflow 7","executionId":"3","nodeType":"n8n-nodes-base.code","nodeName":"Process & Aggregate","nodeId":"065dee17-5a6c-47ab-b5b5-c00d4151f4cc"}}
{"__type":"$$EventMessageConfirm","confirm":"48a420a8-9432-4a34-9f3f-1785a8ac4ea5","ts":"2026-02-10T03:03:47.777-05:00","source":{"id":"0","name":"eventBus"}}
{"__type":"$$EventMessageNode","id":"24c85e77-5d52-4c07-ade5-602d82686bf9","ts":"2026-02-10T03:03:47.778-05:00","eventName":"n8n.node.started","message":"n8n.node.started","payload":{"workflowId":"bYgBZRoB3ZizDrZwxuIsb","workflowName":"My workflow 7","executionId":"3","nodeType":"n8n-nodes-base.if","nodeName":"Check Loop","nodeId":"824f9127-f9f5-4575-8053-a5d7154cdedc"}}
{"__type":"$$EventMessageConfirm","confirm":"24c85e77-5d52-4c07-ade5-602d82686bf9","ts":"2026-02-10T03:03:47.778-05:00","source":{"id":"0","name":"eventBus"}}
{"__type":"$$EventMessageNode","id":"db9896fa-1770-41c4-8a02-8dfd998c4407","ts":"2026-02-10T03:03:47.779-05:00","eventName":"n8n.node.finished","message":"n8n.node.finished","payload":{"workflowId":"bYgBZRoB3ZizDrZwxuIsb","workflowName":"My workflow 7","executionId":"3","nodeType":"n8n-nodes-base.if","nodeName":"Check Loop","nodeId":"824f9127-f9f5-4575-8053-a5d7154cdedc"}}
{"__type":"$$EventMessageConfirm","confirm":"db9896fa-1770-41c4-8a02-8dfd998c4407","ts":"2026-02-10T03:03:47.779-05:00","source":{"id":"0","name":"eventBus"}}
{"__type":"$$EventMessageNode","id":"1fa06920-0941-4313-8e3f-6675ca8bcf25","ts":"2026-02-10T03:03:47.780-05:00","eventName":"n8n.node.started","message":"n8n.node.started","payload":{"workflowId":"bYgBZRoB3ZizDrZwxuIsb","workflowName":"My workflow 7","executionId":"3","nodeType":"n8n-nodes-base.set","nodeName":"Update Cursor","nodeId":"a9e832e9-6cc0-4bbf-a132-12f93c59bc6e"}}
{"__type":"$$EventMessageConfirm","confirm":"1fa06920-0941-4313-8e3f-6675ca8bcf25","ts":"2026-02-10T03:03:47.780-05:00","source":{"id":"0","name":"eventBus"}}
{"__type":"$$EventMessageNode","id":"8d809bc7-0650-47e4-99fe-f3ae196c0344","ts":"2026-02-10T03:03:47.781-05:00","eventName":"n8n.node.finished","message":"n8n.node.finished","payload":{"workflowId":"bYgBZRoB3ZizDrZwxuIsb","workflowName":"My workflow 7","executionId":"3","nodeType":"n8n-nodes-base.set","nodeName":"Update Cursor","nodeId":"a9e832e9-6cc0-4bbf-a132-12f93c59bc6e"}}
{"__type":"$$EventMessageConfirm","confirm":"8d809bc7-0650-47e4-99fe-f3ae196c0344","ts":"2026-02-10T03:03:47.781-05:00","source":{"id":"0","name":"eventBus"}}
{"__type":"$$EventMessageNode","id":"0502ca15-3cfe-4c9a-a0b9-b8667018b7a6","ts":"2026-02-10T03:03:47.782-05:00","eventName":"n8n.node.started","message":"n8n.node.started","payload":{"workflowId":"bYgBZRoB3ZizDrZwxuIsb","workflowName":"My workflow 7","executionId":"3","nodeType":"n8n-nodes-base.wait","nodeName":"Wait","nodeId":"d4555a9c-319f-4576-8813-c6f706b3ad00"}}
{"__type":"$$EventMessageConfirm","confirm":"0502ca15-3cfe-4c9a-a0b9-b8667018b7a6","ts":"2026-02-10T03:03:47.782-05:00","source":{"id":"0","name":"eventBus"}}
{"__type":"$$EventMessageNode","id":"1f77f713-67cb-486b-82c4-0099713ee321","ts":"2026-02-10T03:03:49.783-05:00","eventName":"n8n.node.finished","message":"n8n.node.finished","payload":{"workflowId":"bYgBZRoB3ZizDrZwxuIsb","workflowName":"My workflow 7","executionId":"3","nodeType":"n8n-nodes-base.wait","nodeName":"Wait","nodeId":"d4555a9c-319f-4576-8813-c6f706b3ad00"}}
{"__type":"$$EventMessageConfirm","confirm":"1f77f713-67cb-486b-82c4-0099713ee321","ts":"2026-02-10T03:03:49.783-05:00","source":{"id":"0","name":"eventBus"}}
{"__type":"$$EventMessageNode","id":"d7d2330c-7786-4b88-ab2a-a7d623b01dfd","ts":"2026-02-10T03:03:49.784-05:00","eventName":"n8n.node.started","message":"n8n.node.started","payload":{"workflowId":"bYgBZRoB3ZizDrZwxuIsb","workflowName":"My workflow 7","executionId":"3","nodeType":"n8n-nodes-base.graphql","nodeName":"GraphQL","nodeId":"85c618fd-0d30-4313-a135-ebcc755bd1ff"}}
{"__type":"$$EventMessageConfirm","confirm":"d7d2330c-7786-4b88-ab2a-a7d623b01dfd","ts":"2026-02-10T03:03:49.784-05:00","source":{"id":"0","name":"eventBus"}}
{"__type":"$$EventMessageNode","id":"add3b4d2-7be7-4f8e-a8b3-b482f8d30850","ts":"2026-02-10T03:03:51.010-05:00","eventName":"n8n.node.finished","message":"n8n.node.finished","payload":{"workflowId":"bYgBZRoB3ZizDrZwxuIsb","workflowName":"My workflow 7","executionId":"3","nodeType":"n8n-nodes-base.graphql","nodeName":"GraphQL","nodeId":"85c618fd-0d30-4313-a135-ebcc755bd1ff"}}
{"__type":"$$EventMessageConfirm","confirm":"add3b4d2-7be7-4f8e-a8b3-b482f8d30850","ts":"2026-02-10T03:03:51.011-05:00","source":{"id":"0","name":"eventBus"}}
{"__type":"$$EventMessageNode","id":"5f8073ca-825d-4ee3-bfae-402c6f2ffcd4","ts":"2026-02-10T03:03:51.011-05:00","eventName":"n8n.node.started","message":"n8n.node.started","payload":{"workflowId":"bYgBZRoB3ZizDrZwxuIsb","workflowName":"My workflow 7","executionId":"3","nodeType":"n8n-nodes-base.code","nodeName":"Process & Aggregate","nodeId":"065dee17-5a6c-47ab-b5b5-c00d4151f4cc"}}
{"__type":"$$EventMessageConfirm","confirm":"5f8073ca-825d-4ee3-bfae-402c6f2ffcd4","ts":"2026-02-10T03:03:51.012-05:00","source":{"id":"0","name":"eventBus"}}
{"__type":"$$EventMessageRunner","id":"2d7d0a5f-4b85-4ba9-b6e6-8e2d6eb6c4c6","ts":"2026-02-10T03:03:51.014-05:00","eventName":"n8n.runner.task.requested","message":"n8n.runner.task.requested","payload":{"taskId":"WW9rX0ws","nodeId":"065dee17-5a6c-47ab-b5b5-c00d4151f4cc","workflowId":"bYgBZRoB3ZizDrZwxuIsb","executionId":"3"}}
{"__type":"$$EventMessageConfirm","confirm":"2d7d0a5f-4b85-4ba9-b6e6-8e2d6eb6c4c6","ts":"2026-02-10T03:03:51.014-05:00","source":{"id":"0","name":"eventBus"}}
{"__type":"$$EventMessageRunner","id":"a8899649-3a08-4c94-bc7f-8e0a11d68c9e","ts":"2026-02-10T03:03:51.040-05:00","eventName":"n8n.runner.response.received","message":"n8n.runner.response.received","payload":{"taskId":"WW9rX0ws","nodeId":"065dee17-5a6c-47ab-b5b5-c00d4151f4cc","workflowId":"bYgBZRoB3ZizDrZwxuIsb","executionId":"3"}}
{"__type":"$$EventMessageConfirm","confirm":"a8899649-3a08-4c94-bc7f-8e0a11d68c9e","ts":"2026-02-10T03:03:51.040-05:00","source":{"id":"0","name":"eventBus"}}
{"__type":"$$EventMessageNode","id":"d1acc22c-f5e1-47f9-bf89-f1bf2f280538","ts":"2026-02-10T03:03:51.041-05:00","eventName":"n8n.node.finished","message":"n8n.node.finished","payload":{"workflowId":"bYgBZRoB3ZizDrZwxuIsb","workflowName":"My workflow 7","executionId":"3","nodeType":"n8n-nodes-base.code","nodeName":"Process & Aggregate","nodeId":"065dee17-5a6c-47ab-b5b5-c00d4151f4cc"}}
{"__type":"$$EventMessageConfirm","confirm":"d1acc22c-f5e1-47f9-bf89-f1bf2f280538","ts":"2026-02-10T03:03:51.041-05:00","source":{"id":"0","name":"eventBus"}}
{"__type":"$$EventMessageNode","id":"d637e767-f007-4240-bddc-444a94136d56","ts":"2026-02-10T03:03:51.042-05:00","eventName":"n8n.node.started","message":"n8n.node.started","payload":{"workflowId":"bYgBZRoB3ZizDrZwxuIsb","workflowName":"My workflow 7","executionId":"3","nodeType":"n8n-nodes-base.if","nodeName":"Check Loop","nodeId":"824f9127-f9f5-4575-8053-a5d7154cdedc"}}
{"__type":"$$EventMessageConfirm","confirm":"d637e767-f007-4240-bddc-444a94136d56","ts":"2026-02-10T03:03:51.042-05:00","source":{"id":"0","name":"eventBus"}}
{"__type":"$$EventMessageNode","id":"a5dfa24f-83cf-42da-8e42-8ed49b6532d1","ts":"2026-02-10T03:03:51.043-05:00","eventName":"n8n.node.finished","message":"n8n.node.finished","payload":{"workflowId":"bYgBZRoB3ZizDrZwxuIsb","workflowName":"My workflow 7","executionId":"3","nodeType":"n8n-nodes-base.if","nodeName":"Check Loop","nodeId":"824f9127-f9f5-4575-8053-a5d7154cdedc"}}
{"__type":"$$EventMessageConfirm","confirm":"a5dfa24f-83cf-42da-8e42-8ed49b6532d1","ts":"2026-02-10T03:03:51.044-05:00","source":{"id":"0","name":"eventBus"}}
{"__type":"$$EventMessageNode","id":"9fe8ac60-1a88-44d8-9a04-e9469aa09700","ts":"2026-02-10T03:03:51.044-05:00","eventName":"n8n.node.started","message":"n8n.node.started","payload":{"workflowId":"bYgBZRoB3ZizDrZwxuIsb","workflowName":"My workflow 7","executionId":"3","nodeType":"n8n-nodes-base.set","nodeName":"Update Cursor","nodeId":"a9e832e9-6cc0-4bbf-a132-12f93c59bc6e"}}
{"__type":"$$EventMessageConfirm","confirm":"9fe8ac60-1a88-44d8-9a04-e9469aa09700","ts":"2026-02-10T03:03:51.044-05:00","source":{"id":"0","name":"eventBus"}}
{"__type":"$$EventMessageNode","id":"5d9e5cf3-bfaf-4a2a-a517-98b9fc60a7e3","ts":"2026-02-10T03:03:51.048-05:00","eventName":"n8n.node.finished","message":"n8n.node.finished","payload":{"workflowId":"bYgBZRoB3ZizDrZwxuIsb","workflowName":"My workflow 7","executionId":"3","nodeType":"n8n-nodes-base.set","nodeName":"Update Cursor","nodeId":"a9e832e9-6cc0-4bbf-a132-12f93c59bc6e"}}
{"__type":"$$EventMessageConfirm","confirm":"5d9e5cf3-bfaf-4a2a-a517-98b9fc60a7e3","ts":"2026-02-10T03:03:51.048-05:00","source":{"id":"0","name":"eventBus"}}
{"__type":"$$EventMessageNode","id":"528ad366-6d68-4186-993a-321e0185ff00","ts":"2026-02-10T03:03:51.048-05:00","eventName":"n8n.node.started","message":"n8n.node.started","payload":{"workflowId":"bYgBZRoB3ZizDrZwxuIsb","workflowName":"My workflow 7","executionId":"3","nodeType":"n8n-nodes-base.wait","nodeName":"Wait","nodeId":"d4555a9c-319f-4576-8813-c6f706b3ad00"}}
{"__type":"$$EventMessageConfirm","confirm":"528ad366-6d68-4186-993a-321e0185ff00","ts":"2026-02-10T03:03:51.048-05:00","source":{"id":"0","name":"eventBus"}}
{"__type":"$$EventMessageNode","id":"1cb0d6c8-6dd6-4d4e-9871-0f7ab05133a9","ts":"2026-02-10T03:03:53.049-05:00","eventName":"n8n.node.finished","message":"n8n.node.finished","payload":{"workflowId":"bYgBZRoB3ZizDrZwxuIsb","workflowName":"My workflow 7","executionId":"3","nodeType":"n8n-nodes-base.wait","nodeName":"Wait","nodeId":"d4555a9c-319f-4576-8813-c6f706b3ad00"}}
{"__type":"$$EventMessageConfirm","confirm":"1cb0d6c8-6dd6-4d4e-9871-0f7ab05133a9","ts":"2026-02-10T03:03:53.049-05:00","source":{"id":"0","name":"eventBus"}}
{"__type":"$$EventMessageNode","id":"5e660037-f796-4f63-b1e1-ee350b66cfe5","ts":"2026-02-10T03:03:53.050-05:00","eventName":"n8n.node.started","message":"n8n.node.started","payload":{"workflowId":"bYgBZRoB3ZizDrZwxuIsb","workflowName":"My workflow 7","executionId":"3","nodeType":"n8n-nodes-base.graphql","nodeName":"GraphQL","nodeId":"85c618fd-0d30-4313-a135-ebcc755bd1ff"}}
{"__type":"$$EventMessageConfirm","confirm":"5e660037-f796-4f63-b1e1-ee350b66cfe5","ts":"2026-02-10T03:03:53.050-05:00","source":{"id":"0","name":"eventBus"}}
{"__type":"$$EventMessageNode","id":"f28d29e4-c536-480a-acd2-eaf092a5e940","ts":"2026-02-10T03:03:54.369-05:00","eventName":"n8n.node.finished","message":"n8n.node.finished","payload":{"workflowId":"bYgBZRoB3ZizDrZwxuIsb","workflowName":"My workflow 7","executionId":"3","nodeType":"n8n-nodes-base.graphql","nodeName":"GraphQL","nodeId":"85c618fd-0d30-4313-a135-ebcc755bd1ff"}}
{"__type":"$$EventMessageConfirm","confirm":"f28d29e4-c536-480a-acd2-eaf092a5e940","ts":"2026-02-10T03:03:54.369-05:00","source":{"id":"0","name":"eventBus"}}
{"__type":"$$EventMessageNode","id":"a00acf10-780a-4b76-a7a5-5ef30d6b5b57","ts":"2026-02-10T03:03:54.370-05:00","eventName":"n8n.node.started","message":"n8n.node.started","payload":{"workflowId":"bYgBZRoB3ZizDrZwxuIsb","workflowName":"My workflow 7","executionId":"3","nodeType":"n8n-nodes-base.code","nodeName":"Process & Aggregate","nodeId":"065dee17-5a6c-47ab-b5b5-c00d4151f4cc"}}
{"__type":"$$EventMessageConfirm","confirm":"a00acf10-780a-4b76-a7a5-5ef30d6b5b57","ts":"2026-02-10T03:03:54.370-05:00","source":{"id":"0","name":"eventBus"}}
{"__type":"$$EventMessageRunner","id":"ea871716-8267-4cbf-bb00-ff15fa0083d3","ts":"2026-02-10T03:03:54.371-05:00","eventName":"n8n.runner.task.requested","message":"n8n.runner.task.requested","payload":{"taskId":"x_imTqog","nodeId":"065dee17-5a6c-47ab-b5b5-c00d4151f4cc","workflowId":"bYgBZRoB3ZizDrZwxuIsb","executionId":"3"}}
{"__type":"$$EventMessageConfirm","confirm":"ea871716-8267-4cbf-bb00-ff15fa0083d3","ts":"2026-02-10T03:03:54.371-05:00","source":{"id":"0","name":"eventBus"}}
{"__type":"$$EventMessageRunner","id":"eaea3ef2-94cf-46f7-9bf5-ab28e184fa5c","ts":"2026-02-10T03:03:54.393-05:00","eventName":"n8n.runner.response.received","message":"n8n.runner.response.received","payload":{"taskId":"x_imTqog","nodeId":"065dee17-5a6c-47ab-b5b5-c00d4151f4cc","workflowId":"bYgBZRoB3ZizDrZwxuIsb","executionId":"3"}}
{"__type":"$$EventMessageConfirm","confirm":"eaea3ef2-94cf-46f7-9bf5-ab28e184fa5c","ts":"2026-02-10T03:03:54.393-05:00","source":{"id":"0","name":"eventBus"}}
{"__type":"$$EventMessageNode","id":"fc52d2fc-450c-4af6-afa3-97578c4edcfd","ts":"2026-02-10T03:03:54.394-05:00","eventName":"n8n.node.finished","message":"n8n.node.finished","payload":{"workflowId":"bYgBZRoB3ZizDrZwxuIsb","workflowName":"My workflow 7","executionId":"3","nodeType":"n8n-nodes-base.code","nodeName":"Process & Aggregate","nodeId":"065dee17-5a6c-47ab-b5b5-c00d4151f4cc"}}
{"__type":"$$EventMessageConfirm","confirm":"fc52d2fc-450c-4af6-afa3-97578c4edcfd","ts":"2026-02-10T03:03:54.394-05:00","source":{"id":"0","name":"eventBus"}}
{"__type":"$$EventMessageNode","id":"9ae4c6eb-02d1-4d03-bbb0-c7c03c390dac","ts":"2026-02-10T03:03:54.394-05:00","eventName":"n8n.node.started","message":"n8n.node.started","payload":{"workflowId":"bYgBZRoB3ZizDrZwxuIsb","workflowName":"My workflow 7","executionId":"3","nodeType":"n8n-nodes-base.if","nodeName":"Check Loop","nodeId":"824f9127-f9f5-4575-8053-a5d7154cdedc"}}
{"__type":"$$EventMessageConfirm","confirm":"9ae4c6eb-02d1-4d03-bbb0-c7c03c390dac","ts":"2026-02-10T03:03:54.394-05:00","source":{"id":"0","name":"eventBus"}}
{"__type":"$$EventMessageNode","id":"4b508493-c2ca-4c52-87e4-750aa5b35dce","ts":"2026-02-10T03:03:54.396-05:00","eventName":"n8n.node.finished","message":"n8n.node.finished","payload":{"workflowId":"bYgBZRoB3ZizDrZwxuIsb","workflowName":"My workflow 7","executionId":"3","nodeType":"n8n-nodes-base.if","nodeName":"Check Loop","nodeId":"824f9127-f9f5-4575-8053-a5d7154cdedc"}}
{"__type":"$$EventMessageConfirm","confirm":"4b508493-c2ca-4c52-87e4-750aa5b35dce","ts":"2026-02-10T03:03:54.396-05:00","source":{"id":"0","name":"eventBus"}}
{"__type":"$$EventMessageNode","id":"883b6fcf-068d-4906-86d9-1b4210a7f607","ts":"2026-02-10T03:03:54.396-05:00","eventName":"n8n.node.started","message":"n8n.node.started","payload":{"workflowId":"bYgBZRoB3ZizDrZwxuIsb","workflowName":"My workflow 7","executionId":"3","nodeType":"n8n-nodes-base.set","nodeName":"Update Cursor","nodeId":"a9e832e9-6cc0-4bbf-a132-12f93c59bc6e"}}
{"__type":"$$EventMessageConfirm","confirm":"883b6fcf-068d-4906-86d9-1b4210a7f607","ts":"2026-02-10T03:03:54.396-05:00","source":{"id":"0","name":"eventBus"}}
{"__type":"$$EventMessageNode","id":"e9116e25-9cbc-4922-8ae3-c95831b259ed","ts":"2026-02-10T03:03:54.397-05:00","eventName":"n8n.node.finished","message":"n8n.node.finished","payload":{"workflowId":"bYgBZRoB3ZizDrZwxuIsb","workflowName":"My workflow 7","executionId":"3","nodeType":"n8n-nodes-base.set","nodeName":"Update Cursor","nodeId":"a9e832e9-6cc0-4bbf-a132-12f93c59bc6e"}}
{"__type":"$$EventMessageConfirm","confirm":"e9116e25-9cbc-4922-8ae3-c95831b259ed","ts":"2026-02-10T03:03:54.397-05:00","source":{"id":"0","name":"eventBus"}}
{"__type":"$$EventMessageNode","id":"7d448c23-efc5-4cb1-be55-433b6d7e97ea","ts":"2026-02-10T03:03:54.398-05:00","eventName":"n8n.node.started","message":"n8n.node.started","payload":{"workflowId":"bYgBZRoB3ZizDrZwxuIsb","workflowName":"My workflow 7","executionId":"3","nodeType":"n8n-nodes-base.wait","nodeName":"Wait","nodeId":"d4555a9c-319f-4576-8813-c6f706b3ad00"}}
{"__type":"$$EventMessageConfirm","confirm":"7d448c23-efc5-4cb1-be55-433b6d7e97ea","ts":"2026-02-10T03:03:54.398-05:00","source":{"id":"0","name":"eventBus"}}
{"__type":"$$EventMessageNode","id":"0a03f8dd-b022-49a1-9aaa-488814ec6783","ts":"2026-02-10T03:03:56.399-05:00","eventName":"n8n.node.finished","message":"n8n.node.finished","payload":{"workflowId":"bYgBZRoB3ZizDrZwxuIsb","workflowName":"My workflow 7","executionId":"3","nodeType":"n8n-nodes-base.wait","nodeName":"Wait","nodeId":"d4555a9c-319f-4576-8813-c6f706b3ad00"}}
{"__type":"$$EventMessageConfirm","confirm":"0a03f8dd-b022-49a1-9aaa-488814ec6783","ts":"2026-02-10T03:03:56.399-05:00","source":{"id":"0","name":"eventBus"}}
{"__type":"$$EventMessageNode","id":"ffc4155f-eed0-4f53-b02c-aea56f7417ae","ts":"2026-02-10T03:03:56.400-05:00","eventName":"n8n.node.started","message":"n8n.node.started","payload":{"workflowId":"bYgBZRoB3ZizDrZwxuIsb","workflowName":"My workflow 7","executionId":"3","nodeType":"n8n-nodes-base.graphql","nodeName":"GraphQL","nodeId":"85c618fd-0d30-4313-a135-ebcc755bd1ff"}}
{"__type":"$$EventMessageConfirm","confirm":"ffc4155f-eed0-4f53-b02c-aea56f7417ae","ts":"2026-02-10T03:03:56.400-05:00","source":{"id":"0","name":"eventBus"}}
{"__type":"$$EventMessageNode","id":"2fcb0545-5896-43e8-bacf-f318db228fd0","ts":"2026-02-10T03:03:58.017-05:00","eventName":"n8n.node.finished","message":"n8n.node.finished","payload":{"workflowId":"bYgBZRoB3ZizDrZwxuIsb","workflowName":"My workflow 7","executionId":"3","nodeType":"n8n-nodes-base.graphql","nodeName":"GraphQL","nodeId":"85c618fd-0d30-4313-a135-ebcc755bd1ff"}}
{"__type":"$$EventMessageConfirm","confirm":"2fcb0545-5896-43e8-bacf-f318db228fd0","ts":"2026-02-10T03:03:58.018-05:00","source":{"id":"0","name":"eventBus"}}
{"__type":"$$EventMessageNode","id":"2759e37c-3a76-49da-8909-292eacf68d12","ts":"2026-02-10T03:03:58.018-05:00","eventName":"n8n.node.started","message":"n8n.node.started","payload":{"workflowId":"bYgBZRoB3ZizDrZwxuIsb","workflowName":"My workflow 7","executionId":"3","nodeType":"n8n-nodes-base.code","nodeName":"Process & Aggregate","nodeId":"065dee17-5a6c-47ab-b5b5-c00d4151f4cc"}}
{"__type":"$$EventMessageConfirm","confirm":"2759e37c-3a76-49da-8909-292eacf68d12","ts":"2026-02-10T03:03:58.018-05:00","source":{"id":"0","name":"eventBus"}}
{"__type":"$$EventMessageRunner","id":"8914dd65-e4fb-48aa-afd5-86ae25cb17e1","ts":"2026-02-10T03:03:58.020-05:00","eventName":"n8n.runner.task.requested","message":"n8n.runner.task.requested","payload":{"taskId":"AE1VVWwx","nodeId":"065dee17-5a6c-47ab-b5b5-c00d4151f4cc","workflowId":"bYgBZRoB3ZizDrZwxuIsb","executionId":"3"}}
{"__type":"$$EventMessageConfirm","confirm":"8914dd65-e4fb-48aa-afd5-86ae25cb17e1","ts":"2026-02-10T03:03:58.020-05:00","source":{"id":"0","name":"eventBus"}}
{"__type":"$$EventMessageRunner","id":"c63bd42d-9914-4d3d-a9b3-658b29ef8ea0","ts":"2026-02-10T03:03:58.041-05:00","eventName":"n8n.runner.response.received","message":"n8n.runner.response.received","payload":{"taskId":"AE1VVWwx","nodeId":"065dee17-5a6c-47ab-b5b5-c00d4151f4cc","workflowId":"bYgBZRoB3ZizDrZwxuIsb","executionId":"3"}}
{"__type":"$$EventMessageConfirm","confirm":"c63bd42d-9914-4d3d-a9b3-658b29ef8ea0","ts":"2026-02-10T03:03:58.041-05:00","source":{"id":"0","name":"eventBus"}}
{"__type":"$$EventMessageNode","id":"7222b4bc-ff55-4ca0-a26a-53f868da65ea","ts":"2026-02-10T03:03:58.042-05:00","eventName":"n8n.node.finished","message":"n8n.node.finished","payload":{"workflowId":"bYgBZRoB3ZizDrZwxuIsb","workflowName":"My workflow 7","executionId":"3","nodeType":"n8n-nodes-base.code","nodeName":"Process & Aggregate","nodeId":"065dee17-5a6c-47ab-b5b5-c00d4151f4cc"}}
{"__type":"$$EventMessageConfirm","confirm":"7222b4bc-ff55-4ca0-a26a-53f868da65ea","ts":"2026-02-10T03:03:58.042-05:00","source":{"id":"0","name":"eventBus"}}
{"__type":"$$EventMessageNode","id":"85cddf8d-5d76-49b7-9b60-884a1cd16bd2","ts":"2026-02-10T03:03:58.042-05:00","eventName":"n8n.node.started","message":"n8n.node.started","payload":{"workflowId":"bYgBZRoB3ZizDrZwxuIsb","workflowName":"My workflow 7","executionId":"3","nodeType":"n8n-nodes-base.if","nodeName":"Check Loop","nodeId":"824f9127-f9f5-4575-8053-a5d7154cdedc"}}
{"__type":"$$EventMessageConfirm","confirm":"85cddf8d-5d76-49b7-9b60-884a1cd16bd2","ts":"2026-02-10T03:03:58.043-05:00","source":{"id":"0","name":"eventBus"}}
{"__type":"$$EventMessageNode","id":"1e361a26-801d-48f0-b2b6-73a43d95abe0","ts":"2026-02-10T03:03:58.044-05:00","eventName":"n8n.node.finished","message":"n8n.node.finished","payload":{"workflowId":"bYgBZRoB3ZizDrZwxuIsb","workflowName":"My workflow 7","executionId":"3","nodeType":"n8n-nodes-base.if","nodeName":"Check Loop","nodeId":"824f9127-f9f5-4575-8053-a5d7154cdedc"}}
{"__type":"$$EventMessageConfirm","confirm":"1e361a26-801d-48f0-b2b6-73a43d95abe0","ts":"2026-02-10T03:03:58.044-05:00","source":{"id":"0","name":"eventBus"}}
{"__type":"$$EventMessageNode","id":"21453328-5988-4d32-9987-184ca69da30a","ts":"2026-02-10T03:03:58.044-05:00","eventName":"n8n.node.started","message":"n8n.node.started","payload":{"workflowId":"bYgBZRoB3ZizDrZwxuIsb","workflowName":"My workflow 7","executionId":"3","nodeType":"n8n-nodes-base.set","nodeName":"Update Cursor","nodeId":"a9e832e9-6cc0-4bbf-a132-12f93c59bc6e"}}
{"__type":"$$EventMessageConfirm","confirm":"21453328-5988-4d32-9987-184ca69da30a","ts":"2026-02-10T03:03:58.045-05:00","source":{"id":"0","name":"eventBus"}}
{"__type":"$$EventMessageNode","id":"5c953698-2eec-4601-a58b-bd86706cc1fd","ts":"2026-02-10T03:03:58.046-05:00","eventName":"n8n.node.finished","message":"n8n.node.finished","payload":{"workflowId":"bYgBZRoB3ZizDrZwxuIsb","workflowName":"My workflow 7","executionId":"3","nodeType":"n8n-nodes-base.set","nodeName":"Update Cursor","nodeId":"a9e832e9-6cc0-4bbf-a132-12f93c59bc6e"}}
{"__type":"$$EventMessageConfirm","confirm":"5c953698-2eec-4601-a58b-bd86706cc1fd","ts":"2026-02-10T03:03:58.046-05:00","source":{"id":"0","name":"eventBus"}}
{"__type":"$$EventMessageNode","id":"fb2514ec-b93e-49ee-b2ae-2cdfaa545c72","ts":"2026-02-10T03:03:58.047-05:00","eventName":"n8n.node.started","message":"n8n.node.started","payload":{"workflowId":"bYgBZRoB3ZizDrZwxuIsb","workflowName":"My workflow 7","executionId":"3","nodeType":"n8n-nodes-base.wait","nodeName":"Wait","nodeId":"d4555a9c-319f-4576-8813-c6f706b3ad00"}}
{"__type":"$$EventMessageConfirm","confirm":"fb2514ec-b93e-49ee-b2ae-2cdfaa545c72","ts":"2026-02-10T03:03:58.047-05:00","source":{"id":"0","name":"eventBus"}}
{"__type":"$$EventMessageNode","id":"909c4933-3839-44ba-a61e-f62744ef5f8c","ts":"2026-02-10T03:04:00.047-05:00","eventName":"n8n.node.finished","message":"n8n.node.finished","payload":{"workflowId":"bYgBZRoB3ZizDrZwxuIsb","workflowName":"My workflow 7","executionId":"3","nodeType":"n8n-nodes-base.wait","nodeName":"Wait","nodeId":"d4555a9c-319f-4576-8813-c6f706b3ad00"}}
{"__type":"$$EventMessageConfirm","confirm":"909c4933-3839-44ba-a61e-f62744ef5f8c","ts":"2026-02-10T03:04:00.047-05:00","source":{"id":"0","name":"eventBus"}}
{"__type":"$$EventMessageNode","id":"540c131f-1f4f-4e69-b734-09b73d4ecfd7","ts":"2026-02-10T03:04:00.048-05:00","eventName":"n8n.node.started","message":"n8n.node.started","payload":{"workflowId":"bYgBZRoB3ZizDrZwxuIsb","workflowName":"My workflow 7","executionId":"3","nodeType":"n8n-nodes-base.graphql","nodeName":"GraphQL","nodeId":"85c618fd-0d30-4313-a135-ebcc755bd1ff"}}
{"__type":"$$EventMessageConfirm","confirm":"540c131f-1f4f-4e69-b734-09b73d4ecfd7","ts":"2026-02-10T03:04:00.048-05:00","source":{"id":"0","name":"eventBus"}}
{"__type":"$$EventMessageNode","id":"7ec8ac07-80dc-40b8-8213-df804c99a53c","ts":"2026-02-10T03:04:04.067-05:00","eventName":"n8n.node.finished","message":"n8n.node.finished","payload":{"workflowId":"bYgBZRoB3ZizDrZwxuIsb","workflowName":"My workflow 7","executionId":"3","nodeType":"n8n-nodes-base.graphql","nodeName":"GraphQL","nodeId":"85c618fd-0d30-4313-a135-ebcc755bd1ff"}}
{"__type":"$$EventMessageConfirm","confirm":"7ec8ac07-80dc-40b8-8213-df804c99a53c","ts":"2026-02-10T03:04:04.068-05:00","source":{"id":"0","name":"eventBus"}}
{"__type":"$$EventMessageNode","id":"370856d5-918b-47db-9cba-8a27b000186f","ts":"2026-02-10T03:04:04.070-05:00","eventName":"n8n.node.started","message":"n8n.node.started","payload":{"workflowId":"bYgBZRoB3ZizDrZwxuIsb","workflowName":"My workflow 7","executionId":"3","nodeType":"n8n-nodes-base.code","nodeName":"Process & Aggregate","nodeId":"065dee17-5a6c-47ab-b5b5-c00d4151f4cc"}}
{"__type":"$$EventMessageConfirm","confirm":"370856d5-918b-47db-9cba-8a27b000186f","ts":"2026-02-10T03:04:04.071-05:00","source":{"id":"0","name":"eventBus"}}
{"__type":"$$EventMessageRunner","id":"91ee2520-6fcf-492e-ab34-835f1dafb829","ts":"2026-02-10T03:04:04.075-05:00","eventName":"n8n.runner.task.requested","message":"n8n.runner.task.requested","payload":{"taskId":"pPNMIMUt","nodeId":"065dee17-5a6c-47ab-b5b5-c00d4151f4cc","workflowId":"bYgBZRoB3ZizDrZwxuIsb","executionId":"3"}}
{"__type":"$$EventMessageConfirm","confirm":"91ee2520-6fcf-492e-ab34-835f1dafb829","ts":"2026-02-10T03:04:04.076-05:00","source":{"id":"0","name":"eventBus"}}
{"__type":"$$EventMessageRunner","id":"92946126-3f8f-4864-a238-47f3b28b393f","ts":"2026-02-10T03:04:04.097-05:00","eventName":"n8n.runner.response.received","message":"n8n.runner.response.received","payload":{"taskId":"pPNMIMUt","nodeId":"065dee17-5a6c-47ab-b5b5-c00d4151f4cc","workflowId":"bYgBZRoB3ZizDrZwxuIsb","executionId":"3"}}
{"__type":"$$EventMessageConfirm","confirm":"92946126-3f8f-4864-a238-47f3b28b393f","ts":"2026-02-10T03:04:04.098-05:00","source":{"id":"0","name":"eventBus"}}
{"__type":"$$EventMessageNode","id":"fd06bc20-021c-41c3-b03b-281c18382938","ts":"2026-02-10T03:04:04.098-05:00","eventName":"n8n.node.finished","message":"n8n.node.finished","payload":{"workflowId":"bYgBZRoB3ZizDrZwxuIsb","workflowName":"My workflow 7","executionId":"3","nodeType":"n8n-nodes-base.code","nodeName":"Process & Aggregate","nodeId":"065dee17-5a6c-47ab-b5b5-c00d4151f4cc"}}
{"__type":"$$EventMessageConfirm","confirm":"fd06bc20-021c-41c3-b03b-281c18382938","ts":"2026-02-10T03:04:04.098-05:00","source":{"id":"0","name":"eventBus"}}
{"__type":"$$EventMessageNode","id":"284c80de-1f3d-45b2-b5ac-52a9d4217df6","ts":"2026-02-10T03:04:04.099-05:00","eventName":"n8n.node.started","message":"n8n.node.started","payload":{"workflowId":"bYgBZRoB3ZizDrZwxuIsb","workflowName":"My workflow 7","executionId":"3","nodeType":"n8n-nodes-base.if","nodeName":"Check Loop","nodeId":"824f9127-f9f5-4575-8053-a5d7154cdedc"}}
{"__type":"$$EventMessageConfirm","confirm":"284c80de-1f3d-45b2-b5ac-52a9d4217df6","ts":"2026-02-10T03:04:04.099-05:00","source":{"id":"0","name":"eventBus"}}
{"__type":"$$EventMessageNode","id":"5453cdd2-be21-4a03-9330-26c1edad4bfa","ts":"2026-02-10T03:04:04.100-05:00","eventName":"n8n.node.finished","message":"n8n.node.finished","payload":{"workflowId":"bYgBZRoB3ZizDrZwxuIsb","workflowName":"My workflow 7","executionId":"3","nodeType":"n8n-nodes-base.if","nodeName":"Check Loop","nodeId":"824f9127-f9f5-4575-8053-a5d7154cdedc"}}
{"__type":"$$EventMessageConfirm","confirm":"5453cdd2-be21-4a03-9330-26c1edad4bfa","ts":"2026-02-10T03:04:04.100-05:00","source":{"id":"0","name":"eventBus"}}
{"__type":"$$EventMessageNode","id":"c97d1319-7ebe-4c2c-912d-52d0231b6dc9","ts":"2026-02-10T03:04:04.100-05:00","eventName":"n8n.node.started","message":"n8n.node.started","payload":{"workflowId":"bYgBZRoB3ZizDrZwxuIsb","workflowName":"My workflow 7","executionId":"3","nodeType":"n8n-nodes-base.set","nodeName":"Update Cursor","nodeId":"a9e832e9-6cc0-4bbf-a132-12f93c59bc6e"}}
{"__type":"$$EventMessageConfirm","confirm":"c97d1319-7ebe-4c2c-912d-52d0231b6dc9","ts":"2026-02-10T03:04:04.100-05:00","source":{"id":"0","name":"eventBus"}}
{"__type":"$$EventMessageNode","id":"60613dc5-37d5-4036-af49-51406be9efcf","ts":"2026-02-10T03:04:04.101-05:00","eventName":"n8n.node.finished","message":"n8n.node.finished","payload":{"workflowId":"bYgBZRoB3ZizDrZwxuIsb","workflowName":"My workflow 7","executionId":"3","nodeType":"n8n-nodes-base.set","nodeName":"Update Cursor","nodeId":"a9e832e9-6cc0-4bbf-a132-12f93c59bc6e"}}
{"__type":"$$EventMessageConfirm","confirm":"60613dc5-37d5-4036-af49-51406be9efcf","ts":"2026-02-10T03:04:04.101-05:00","source":{"id":"0","name":"eventBus"}}
{"__type":"$$EventMessageNode","id":"ccb1eab8-5879-4f00-9e0b-9a10cd0d14fd","ts":"2026-02-10T03:04:04.101-05:00","eventName":"n8n.node.started","message":"n8n.node.started","payload":{"workflowId":"bYgBZRoB3ZizDrZwxuIsb","workflowName":"My workflow 7","executionId":"3","nodeType":"n8n-nodes-base.wait","nodeName":"Wait","nodeId":"d4555a9c-319f-4576-8813-c6f706b3ad00"}}
{"__type":"$$EventMessageConfirm","confirm":"ccb1eab8-5879-4f00-9e0b-9a10cd0d14fd","ts":"2026-02-10T03:04:04.101-05:00","source":{"id":"0","name":"eventBus"}}
{"__type":"$$EventMessageNode","id":"4cd08726-0eee-4b68-9c0c-5d5e2e25735c","ts":"2026-02-10T03:04:06.101-05:00","eventName":"n8n.node.finished","message":"n8n.node.finished","payload":{"workflowId":"bYgBZRoB3ZizDrZwxuIsb","workflowName":"My workflow 7","executionId":"3","nodeType":"n8n-nodes-base.wait","nodeName":"Wait","nodeId":"d4555a9c-319f-4576-8813-c6f706b3ad00"}}
{"__type":"$$EventMessageConfirm","confirm":"4cd08726-0eee-4b68-9c0c-5d5e2e25735c","ts":"2026-02-10T03:04:06.101-05:00","source":{"id":"0","name":"eventBus"}}
{"__type":"$$EventMessageNode","id":"a44e20ff-157d-4c03-825f-48e249cfd797","ts":"2026-02-10T03:04:06.102-05:00","eventName":"n8n.node.started","message":"n8n.node.started","payload":{"workflowId":"bYgBZRoB3ZizDrZwxuIsb","workflowName":"My workflow 7","executionId":"3","nodeType":"n8n-nodes-base.graphql","nodeName":"GraphQL","nodeId":"85c618fd-0d30-4313-a135-ebcc755bd1ff"}}
{"__type":"$$EventMessageConfirm","confirm":"a44e20ff-157d-4c03-825f-48e249cfd797","ts":"2026-02-10T03:04:06.102-05:00","source":{"id":"0","name":"eventBus"}}
{"__type":"$$EventMessageNode","id":"f478625a-2eb1-4bd9-92d8-5d1ba1941ae3","ts":"2026-02-10T03:04:06.994-05:00","eventName":"n8n.node.finished","message":"n8n.node.finished","payload":{"workflowId":"bYgBZRoB3ZizDrZwxuIsb","workflowName":"My workflow 7","executionId":"3","nodeType":"n8n-nodes-base.graphql","nodeName":"GraphQL","nodeId":"85c618fd-0d30-4313-a135-ebcc755bd1ff"}}
{"__type":"$$EventMessageConfirm","confirm":"f478625a-2eb1-4bd9-92d8-5d1ba1941ae3","ts":"2026-02-10T03:04:06.994-05:00","source":{"id":"0","name":"eventBus"}}
{"__type":"$$EventMessageNode","id":"dd02de07-1a3d-4c92-b3f4-be8c15f168ec","ts":"2026-02-10T03:04:06.995-05:00","eventName":"n8n.node.started","message":"n8n.node.started","payload":{"workflowId":"bYgBZRoB3ZizDrZwxuIsb","workflowName":"My workflow 7","executionId":"3","nodeType":"n8n-nodes-base.code","nodeName":"Process & Aggregate","nodeId":"065dee17-5a6c-47ab-b5b5-c00d4151f4cc"}}
{"__type":"$$EventMessageConfirm","confirm":"dd02de07-1a3d-4c92-b3f4-be8c15f168ec","ts":"2026-02-10T03:04:06.995-05:00","source":{"id":"0","name":"eventBus"}}
{"__type":"$$EventMessageRunner","id":"5d2bacf3-4c73-42f8-8291-4d26bc6c1712","ts":"2026-02-10T03:04:06.997-05:00","eventName":"n8n.runner.task.requested","message":"n8n.runner.task.requested","payload":{"taskId":"gV0skZOP","nodeId":"065dee17-5a6c-47ab-b5b5-c00d4151f4cc","workflowId":"bYgBZRoB3ZizDrZwxuIsb","executionId":"3"}}
{"__type":"$$EventMessageConfirm","confirm":"5d2bacf3-4c73-42f8-8291-4d26bc6c1712","ts":"2026-02-10T03:04:06.997-05:00","source":{"id":"0","name":"eventBus"}}
{"__type":"$$EventMessageRunner","id":"3a335a13-0902-4ed4-949f-585ca7d5b658","ts":"2026-02-10T03:04:07.019-05:00","eventName":"n8n.runner.response.received","message":"n8n.runner.response.received","payload":{"taskId":"gV0skZOP","nodeId":"065dee17-5a6c-47ab-b5b5-c00d4151f4cc","workflowId":"bYgBZRoB3ZizDrZwxuIsb","executionId":"3"}}
{"__type":"$$EventMessageConfirm","confirm":"3a335a13-0902-4ed4-949f-585ca7d5b658","ts":"2026-02-10T03:04:07.019-05:00","source":{"id":"0","name":"eventBus"}}
{"__type":"$$EventMessageNode","id":"691d9805-74c3-4d46-a6b9-08042202696f","ts":"2026-02-10T03:04:07.020-05:00","eventName":"n8n.node.finished","message":"n8n.node.finished","payload":{"workflowId":"bYgBZRoB3ZizDrZwxuIsb","workflowName":"My workflow 7","executionId":"3","nodeType":"n8n-nodes-base.code","nodeName":"Process & Aggregate","nodeId":"065dee17-5a6c-47ab-b5b5-c00d4151f4cc"}}
{"__type":"$$EventMessageConfirm","confirm":"691d9805-74c3-4d46-a6b9-08042202696f","ts":"2026-02-10T03:04:07.020-05:00","source":{"id":"0","name":"eventBus"}}
{"__type":"$$EventMessageNode","id":"e667f0eb-2d53-4e6c-99d3-dc5fc23544cd","ts":"2026-02-10T03:04:07.020-05:00","eventName":"n8n.node.started","message":"n8n.node.started","payload":{"workflowId":"bYgBZRoB3ZizDrZwxuIsb","workflowName":"My workflow 7","executionId":"3","nodeType":"n8n-nodes-base.if","nodeName":"Check Loop","nodeId":"824f9127-f9f5-4575-8053-a5d7154cdedc"}}
{"__type":"$$EventMessageConfirm","confirm":"e667f0eb-2d53-4e6c-99d3-dc5fc23544cd","ts":"2026-02-10T03:04:07.020-05:00","source":{"id":"0","name":"eventBus"}}
{"__type":"$$EventMessageNode","id":"ffb2779a-92ff-445b-9a9a-ce0af9cc0514","ts":"2026-02-10T03:04:07.021-05:00","eventName":"n8n.node.finished","message":"n8n.node.finished","payload":{"workflowId":"bYgBZRoB3ZizDrZwxuIsb","workflowName":"My workflow 7","executionId":"3","nodeType":"n8n-nodes-base.if","nodeName":"Check Loop","nodeId":"824f9127-f9f5-4575-8053-a5d7154cdedc"}}
{"__type":"$$EventMessageConfirm","confirm":"ffb2779a-92ff-445b-9a9a-ce0af9cc0514","ts":"2026-02-10T03:04:07.021-05:00","source":{"id":"0","name":"eventBus"}}
{"__type":"$$EventMessageNode","id":"07121b64-b72e-4d95-9900-a84e60a07cce","ts":"2026-02-10T03:04:07.022-05:00","eventName":"n8n.node.started","message":"n8n.node.started","payload":{"workflowId":"bYgBZRoB3ZizDrZwxuIsb","workflowName":"My workflow 7","executionId":"3","nodeType":"n8n-nodes-base.set","nodeName":"Update Cursor","nodeId":"a9e832e9-6cc0-4bbf-a132-12f93c59bc6e"}}
{"__type":"$$EventMessageConfirm","confirm":"07121b64-b72e-4d95-9900-a84e60a07cce","ts":"2026-02-10T03:04:07.022-05:00","source":{"id":"0","name":"eventBus"}}
{"__type":"$$EventMessageNode","id":"9024208f-8c6b-4c60-be69-3a2023d64e4e","ts":"2026-02-10T03:04:07.023-05:00","eventName":"n8n.node.finished","message":"n8n.node.finished","payload":{"workflowId":"bYgBZRoB3ZizDrZwxuIsb","workflowName":"My workflow 7","executionId":"3","nodeType":"n8n-nodes-base.set","nodeName":"Update Cursor","nodeId":"a9e832e9-6cc0-4bbf-a132-12f93c59bc6e"}}
{"__type":"$$EventMessageConfirm","confirm":"9024208f-8c6b-4c60-be69-3a2023d64e4e","ts":"2026-02-10T03:04:07.023-05:00","source":{"id":"0","name":"eventBus"}}
{"__type":"$$EventMessageNode","id":"2f1f10a8-6718-4369-a11a-fb5e6315fab4","ts":"2026-02-10T03:04:07.024-05:00","eventName":"n8n.node.started","message":"n8n.node.started","payload":{"workflowId":"bYgBZRoB3ZizDrZwxuIsb","workflowName":"My workflow 7","executionId":"3","nodeType":"n8n-nodes-base.wait","nodeName":"Wait","nodeId":"d4555a9c-319f-4576-8813-c6f706b3ad00"}}
{"__type":"$$EventMessageConfirm","confirm":"2f1f10a8-6718-4369-a11a-fb5e6315fab4","ts":"2026-02-10T03:04:07.024-05:00","source":{"id":"0","name":"eventBus"}}
{"__type":"$$EventMessageNode","id":"983c7d9f-9325-48f7-ba32-d88fe016a00b","ts":"2026-02-10T03:04:09.024-05:00","eventName":"n8n.node.finished","message":"n8n.node.finished","payload":{"workflowId":"bYgBZRoB3ZizDrZwxuIsb","workflowName":"My workflow 7","executionId":"3","nodeType":"n8n-nodes-base.wait","nodeName":"Wait","nodeId":"d4555a9c-319f-4576-8813-c6f706b3ad00"}}
{"__type":"$$EventMessageConfirm","confirm":"983c7d9f-9325-48f7-ba32-d88fe016a00b","ts":"2026-02-10T03:04:09.024-05:00","source":{"id":"0","name":"eventBus"}}
{"__type":"$$EventMessageNode","id":"320f98d2-8bce-4310-aef6-71aa9c0e3d29","ts":"2026-02-10T03:04:09.025-05:00","eventName":"n8n.node.started","message":"n8n.node.started","payload":{"workflowId":"bYgBZRoB3ZizDrZwxuIsb","workflowName":"My workflow 7","executionId":"3","nodeType":"n8n-nodes-base.graphql","nodeName":"GraphQL","nodeId":"85c618fd-0d30-4313-a135-ebcc755bd1ff"}}
{"__type":"$$EventMessageConfirm","confirm":"320f98d2-8bce-4310-aef6-71aa9c0e3d29","ts":"2026-02-10T03:04:09.025-05:00","source":{"id":"0","name":"eventBus"}}
{"__type":"$$EventMessageNode","id":"072a6e6d-46fe-4e3f-bcd4-d00bddb5f93c","ts":"2026-02-10T03:04:11.380-05:00","eventName":"n8n.node.finished","message":"n8n.node.finished","payload":{"workflowId":"bYgBZRoB3ZizDrZwxuIsb","workflowName":"My workflow 7","executionId":"3","nodeType":"n8n-nodes-base.graphql","nodeName":"GraphQL","nodeId":"85c618fd-0d30-4313-a135-ebcc755bd1ff"}}
{"__type":"$$EventMessageConfirm","confirm":"072a6e6d-46fe-4e3f-bcd4-d00bddb5f93c","ts":"2026-02-10T03:04:11.380-05:00","source":{"id":"0","name":"eventBus"}}
{"__type":"$$EventMessageNode","id":"6965efa4-6e2e-4b35-85d4-1c3fa9ee8e77","ts":"2026-02-10T03:04:11.380-05:00","eventName":"n8n.node.started","message":"n8n.node.started","payload":{"workflowId":"bYgBZRoB3ZizDrZwxuIsb","workflowName":"My workflow 7","executionId":"3","nodeType":"n8n-nodes-base.code","nodeName":"Process & Aggregate","nodeId":"065dee17-5a6c-47ab-b5b5-c00d4151f4cc"}}
{"__type":"$$EventMessageConfirm","confirm":"6965efa4-6e2e-4b35-85d4-1c3fa9ee8e77","ts":"2026-02-10T03:04:11.380-05:00","source":{"id":"0","name":"eventBus"}}
{"__type":"$$EventMessageRunner","id":"c1e30ad4-11ce-4c36-b896-0f899dc0ef68","ts":"2026-02-10T03:04:11.382-05:00","eventName":"n8n.runner.task.requested","message":"n8n.runner.task.requested","payload":{"taskId":"Swj5FaUg","nodeId":"065dee17-5a6c-47ab-b5b5-c00d4151f4cc","workflowId":"bYgBZRoB3ZizDrZwxuIsb","executionId":"3"}}
{"__type":"$$EventMessageConfirm","confirm":"c1e30ad4-11ce-4c36-b896-0f899dc0ef68","ts":"2026-02-10T03:04:11.383-05:00","source":{"id":"0","name":"eventBus"}}
{"__type":"$$EventMessageRunner","id":"21f7a27f-eef5-41c8-9642-c89bf38a7678","ts":"2026-02-10T03:04:11.412-05:00","eventName":"n8n.runner.response.received","message":"n8n.runner.response.received","payload":{"taskId":"Swj5FaUg","nodeId":"065dee17-5a6c-47ab-b5b5-c00d4151f4cc","workflowId":"bYgBZRoB3ZizDrZwxuIsb","executionId":"3"}}
{"__type":"$$EventMessageConfirm","confirm":"21f7a27f-eef5-41c8-9642-c89bf38a7678","ts":"2026-02-10T03:04:11.412-05:00","source":{"id":"0","name":"eventBus"}}
{"__type":"$$EventMessageNode","id":"51f8c32b-2d24-499b-8471-8ee3497004ee","ts":"2026-02-10T03:04:11.413-05:00","eventName":"n8n.node.finished","message":"n8n.node.finished","payload":{"workflowId":"bYgBZRoB3ZizDrZwxuIsb","workflowName":"My workflow 7","executionId":"3","nodeType":"n8n-nodes-base.code","nodeName":"Process & Aggregate","nodeId":"065dee17-5a6c-47ab-b5b5-c00d4151f4cc"}}
{"__type":"$$EventMessageConfirm","confirm":"51f8c32b-2d24-499b-8471-8ee3497004ee","ts":"2026-02-10T03:04:11.413-05:00","source":{"id":"0","name":"eventBus"}}
{"__type":"$$EventMessageNode","id":"f0be3a0a-8434-48c4-9c28-62bd48b0bf0f","ts":"2026-02-10T03:04:11.413-05:00","eventName":"n8n.node.started","message":"n8n.node.started","payload":{"workflowId":"bYgBZRoB3ZizDrZwxuIsb","workflowName":"My workflow 7","executionId":"3","nodeType":"n8n-nodes-base.if","nodeName":"Check Loop","nodeId":"824f9127-f9f5-4575-8053-a5d7154cdedc"}}
{"__type":"$$EventMessageConfirm","confirm":"f0be3a0a-8434-48c4-9c28-62bd48b0bf0f","ts":"2026-02-10T03:04:11.414-05:00","source":{"id":"0","name":"eventBus"}}
{"__type":"$$EventMessageNode","id":"aaa84cdf-0b0b-4d08-a41f-bcedfaa59464","ts":"2026-02-10T03:04:11.415-05:00","eventName":"n8n.node.finished","message":"n8n.node.finished","payload":{"workflowId":"bYgBZRoB3ZizDrZwxuIsb","workflowName":"My workflow 7","executionId":"3","nodeType":"n8n-nodes-base.if","nodeName":"Check Loop","nodeId":"824f9127-f9f5-4575-8053-a5d7154cdedc"}}
{"__type":"$$EventMessageConfirm","confirm":"aaa84cdf-0b0b-4d08-a41f-bcedfaa59464","ts":"2026-02-10T03:04:11.415-05:00","source":{"id":"0","name":"eventBus"}}
{"__type":"$$EventMessageNode","id":"3264f319-a70a-4286-874c-83463f44312d","ts":"2026-02-10T03:04:11.416-05:00","eventName":"n8n.node.started","message":"n8n.node.started","payload":{"workflowId":"bYgBZRoB3ZizDrZwxuIsb","workflowName":"My workflow 7","executionId":"3","nodeType":"n8n-nodes-base.set","nodeName":"Update Cursor","nodeId":"a9e832e9-6cc0-4bbf-a132-12f93c59bc6e"}}
{"__type":"$$EventMessageConfirm","confirm":"3264f319-a70a-4286-874c-83463f44312d","ts":"2026-02-10T03:04:11.416-05:00","source":{"id":"0","name":"eventBus"}}
{"__type":"$$EventMessageNode","id":"ba94b72e-5144-4475-aa04-7753149e727e","ts":"2026-02-10T03:04:11.417-05:00","eventName":"n8n.node.finished","message":"n8n.node.finished","payload":{"workflowId":"bYgBZRoB3ZizDrZwxuIsb","workflowName":"My workflow 7","executionId":"3","nodeType":"n8n-nodes-base.set","nodeName":"Update Cursor","nodeId":"a9e832e9-6cc0-4bbf-a132-12f93c59bc6e"}}
{"__type":"$$EventMessageConfirm","confirm":"ba94b72e-5144-4475-aa04-7753149e727e","ts":"2026-02-10T03:04:11.417-05:00","source":{"id":"0","name":"eventBus"}}
{"__type":"$$EventMessageNode","id":"1803373c-2f3a-49ce-9160-c4ae4895192c","ts":"2026-02-10T03:04:11.418-05:00","eventName":"n8n.node.started","message":"n8n.node.started","payload":{"workflowId":"bYgBZRoB3ZizDrZwxuIsb","workflowName":"My workflow 7","executionId":"3","nodeType":"n8n-nodes-base.wait","nodeName":"Wait","nodeId":"d4555a9c-319f-4576-8813-c6f706b3ad00"}}
{"__type":"$$EventMessageConfirm","confirm":"1803373c-2f3a-49ce-9160-c4ae4895192c","ts":"2026-02-10T03:04:11.418-05:00","source":{"id":"0","name":"eventBus"}}
{"__type":"$$EventMessageNode","id":"601c02a6-b111-4686-838f-ec754834c395","ts":"2026-02-10T03:04:13.419-05:00","eventName":"n8n.node.finished","message":"n8n.node.finished","payload":{"workflowId":"bYgBZRoB3ZizDrZwxuIsb","workflowName":"My workflow 7","executionId":"3","nodeType":"n8n-nodes-base.wait","nodeName":"Wait","nodeId":"d4555a9c-319f-4576-8813-c6f706b3ad00"}}
{"__type":"$$EventMessageConfirm","confirm":"601c02a6-b111-4686-838f-ec754834c395","ts":"2026-02-10T03:04:13.419-05:00","source":{"id":"0","name":"eventBus"}}
{"__type":"$$EventMessageNode","id":"be0001f1-de6a-4efe-a6be-df54246507ca","ts":"2026-02-10T03:04:13.420-05:00","eventName":"n8n.node.started","message":"n8n.node.started","payload":{"workflowId":"bYgBZRoB3ZizDrZwxuIsb","workflowName":"My workflow 7","executionId":"3","nodeType":"n8n-nodes-base.graphql","nodeName":"GraphQL","nodeId":"85c618fd-0d30-4313-a135-ebcc755bd1ff"}}
{"__type":"$$EventMessageConfirm","confirm":"be0001f1-de6a-4efe-a6be-df54246507ca","ts":"2026-02-10T03:04:13.420-05:00","source":{"id":"0","name":"eventBus"}}
{"__type":"$$EventMessageNode","id":"bfbab805-9f09-4705-8182-f1e395bab0ec","ts":"2026-02-10T03:04:14.036-05:00","eventName":"n8n.node.finished","message":"n8n.node.finished","payload":{"workflowId":"bYgBZRoB3ZizDrZwxuIsb","workflowName":"My workflow 7","executionId":"3","nodeType":"n8n-nodes-base.graphql","nodeName":"GraphQL","nodeId":"85c618fd-0d30-4313-a135-ebcc755bd1ff"}}
{"__type":"$$EventMessageConfirm","confirm":"bfbab805-9f09-4705-8182-f1e395bab0ec","ts":"2026-02-10T03:04:14.036-05:00","source":{"id":"0","name":"eventBus"}}
{"__type":"$$EventMessageNode","id":"f01a3fcf-d606-41ba-a4f8-8f62751378c2","ts":"2026-02-10T03:04:14.037-05:00","eventName":"n8n.node.started","message":"n8n.node.started","payload":{"workflowId":"bYgBZRoB3ZizDrZwxuIsb","workflowName":"My workflow 7","executionId":"3","nodeType":"n8n-nodes-base.code","nodeName":"Process & Aggregate","nodeId":"065dee17-5a6c-47ab-b5b5-c00d4151f4cc"}}
{"__type":"$$EventMessageConfirm","confirm":"f01a3fcf-d606-41ba-a4f8-8f62751378c2","ts":"2026-02-10T03:04:14.037-05:00","source":{"id":"0","name":"eventBus"}}
{"__type":"$$EventMessageRunner","id":"d6424576-333d-4667-9d17-d7f5a3e78f39","ts":"2026-02-10T03:04:14.039-05:00","eventName":"n8n.runner.task.requested","message":"n8n.runner.task.requested","payload":{"taskId":"QlfV8dKv","nodeId":"065dee17-5a6c-47ab-b5b5-c00d4151f4cc","workflowId":"bYgBZRoB3ZizDrZwxuIsb","executionId":"3"}}
{"__type":"$$EventMessageConfirm","confirm":"d6424576-333d-4667-9d17-d7f5a3e78f39","ts":"2026-02-10T03:04:14.039-05:00","source":{"id":"0","name":"eventBus"}}
{"__type":"$$EventMessageRunner","id":"80458209-f450-4ae1-ba08-30980c06367c","ts":"2026-02-10T03:04:14.061-05:00","eventName":"n8n.runner.response.received","message":"n8n.runner.response.received","payload":{"taskId":"QlfV8dKv","nodeId":"065dee17-5a6c-47ab-b5b5-c00d4151f4cc","workflowId":"bYgBZRoB3ZizDrZwxuIsb","executionId":"3"}}
{"__type":"$$EventMessageConfirm","confirm":"80458209-f450-4ae1-ba08-30980c06367c","ts":"2026-02-10T03:04:14.061-05:00","source":{"id":"0","name":"eventBus"}}
{"__type":"$$EventMessageNode","id":"7007c3dd-6453-4884-92ef-271c4f60a99b","ts":"2026-02-10T03:04:14.062-05:00","eventName":"n8n.node.finished","message":"n8n.node.finished","payload":{"workflowId":"bYgBZRoB3ZizDrZwxuIsb","workflowName":"My workflow 7","executionId":"3","nodeType":"n8n-nodes-base.code","nodeName":"Process & Aggregate","nodeId":"065dee17-5a6c-47ab-b5b5-c00d4151f4cc"}}
{"__type":"$$EventMessageConfirm","confirm":"7007c3dd-6453-4884-92ef-271c4f60a99b","ts":"2026-02-10T03:04:14.062-05:00","source":{"id":"0","name":"eventBus"}}
{"__type":"$$EventMessageNode","id":"e7860252-ad5c-4af4-af4c-ac9fc4e6afd3","ts":"2026-02-10T03:04:14.062-05:00","eventName":"n8n.node.started","message":"n8n.node.started","payload":{"workflowId":"bYgBZRoB3ZizDrZwxuIsb","workflowName":"My workflow 7","executionId":"3","nodeType":"n8n-nodes-base.if","nodeName":"Check Loop","nodeId":"824f9127-f9f5-4575-8053-a5d7154cdedc"}}
{"__type":"$$EventMessageConfirm","confirm":"e7860252-ad5c-4af4-af4c-ac9fc4e6afd3","ts":"2026-02-10T03:04:14.062-05:00","source":{"id":"0","name":"eventBus"}}
{"__type":"$$EventMessageNode","id":"ba9c87f5-2330-473d-a93a-7a4096d32ac6","ts":"2026-02-10T03:04:14.063-05:00","eventName":"n8n.node.finished","message":"n8n.node.finished","payload":{"workflowId":"bYgBZRoB3ZizDrZwxuIsb","workflowName":"My workflow 7","executionId":"3","nodeType":"n8n-nodes-base.if","nodeName":"Check Loop","nodeId":"824f9127-f9f5-4575-8053-a5d7154cdedc"}}
{"__type":"$$EventMessageConfirm","confirm":"ba9c87f5-2330-473d-a93a-7a4096d32ac6","ts":"2026-02-10T03:04:14.064-05:00","source":{"id":"0","name":"eventBus"}}
{"__type":"$$EventMessageNode","id":"cdb7e533-4bbd-428c-b608-f61bd9a57857","ts":"2026-02-10T03:04:14.064-05:00","eventName":"n8n.node.started","message":"n8n.node.started","payload":{"workflowId":"bYgBZRoB3ZizDrZwxuIsb","workflowName":"My workflow 7","executionId":"3","nodeType":"n8n-nodes-base.set","nodeName":"Update Cursor","nodeId":"a9e832e9-6cc0-4bbf-a132-12f93c59bc6e"}}
{"__type":"$$EventMessageConfirm","confirm":"cdb7e533-4bbd-428c-b608-f61bd9a57857","ts":"2026-02-10T03:04:14.064-05:00","source":{"id":"0","name":"eventBus"}}
{"__type":"$$EventMessageNode","id":"50503685-a6c4-442f-92d9-5ca9b0740f3e","ts":"2026-02-10T03:04:14.066-05:00","eventName":"n8n.node.finished","message":"n8n.node.finished","payload":{"workflowId":"bYgBZRoB3ZizDrZwxuIsb","workflowName":"My workflow 7","executionId":"3","nodeType":"n8n-nodes-base.set","nodeName":"Update Cursor","nodeId":"a9e832e9-6cc0-4bbf-a132-12f93c59bc6e"}}
{"__type":"$$EventMessageConfirm","confirm":"50503685-a6c4-442f-92d9-5ca9b0740f3e","ts":"2026-02-10T03:04:14.066-05:00","source":{"id":"0","name":"eventBus"}}
{"__type":"$$EventMessageNode","id":"a36ff23b-b43c-4fed-9a86-27c9237c2f60","ts":"2026-02-10T03:04:14.067-05:00","eventName":"n8n.node.started","message":"n8n.node.started","payload":{"workflowId":"bYgBZRoB3ZizDrZwxuIsb","workflowName":"My workflow 7","executionId":"3","nodeType":"n8n-nodes-base.wait","nodeName":"Wait","nodeId":"d4555a9c-319f-4576-8813-c6f706b3ad00"}}
{"__type":"$$EventMessageConfirm","confirm":"a36ff23b-b43c-4fed-9a86-27c9237c2f60","ts":"2026-02-10T03:04:14.067-05:00","source":{"id":"0","name":"eventBus"}}
{"__type":"$$EventMessageNode","id":"82fbccad-a673-4794-a194-3c0b6a0781fd","ts":"2026-02-10T03:04:16.069-05:00","eventName":"n8n.node.finished","message":"n8n.node.finished","payload":{"workflowId":"bYgBZRoB3ZizDrZwxuIsb","workflowName":"My workflow 7","executionId":"3","nodeType":"n8n-nodes-base.wait","nodeName":"Wait","nodeId":"d4555a9c-319f-4576-8813-c6f706b3ad00"}}
{"__type":"$$EventMessageConfirm","confirm":"82fbccad-a673-4794-a194-3c0b6a0781fd","ts":"2026-02-10T03:04:16.069-05:00","source":{"id":"0","name":"eventBus"}}
{"__type":"$$EventMessageNode","id":"b84381f5-4469-4e05-bc9e-ce89795cc337","ts":"2026-02-10T03:04:16.070-05:00","eventName":"n8n.node.started","message":"n8n.node.started","payload":{"workflowId":"bYgBZRoB3ZizDrZwxuIsb","workflowName":"My workflow 7","executionId":"3","nodeType":"n8n-nodes-base.graphql","nodeName":"GraphQL","nodeId":"85c618fd-0d30-4313-a135-ebcc755bd1ff"}}
{"__type":"$$EventMessageConfirm","confirm":"b84381f5-4469-4e05-bc9e-ce89795cc337","ts":"2026-02-10T03:04:16.070-05:00","source":{"id":"0","name":"eventBus"}}
{"__type":"$$EventMessageNode","id":"b7e4b86e-c1d1-46a5-89e2-e66fa4a2481e","ts":"2026-02-10T03:04:16.623-05:00","eventName":"n8n.node.finished","message":"n8n.node.finished","payload":{"workflowId":"bYgBZRoB3ZizDrZwxuIsb","workflowName":"My workflow 7","executionId":"3","nodeType":"n8n-nodes-base.graphql","nodeName":"GraphQL","nodeId":"85c618fd-0d30-4313-a135-ebcc755bd1ff"}}
{"__type":"$$EventMessageConfirm","confirm":"b7e4b86e-c1d1-46a5-89e2-e66fa4a2481e","ts":"2026-02-10T03:04:16.623-05:00","source":{"id":"0","name":"eventBus"}}
{"__type":"$$EventMessageNode","id":"ab65ab60-fd78-4803-8cce-e5a913f1e9cc","ts":"2026-02-10T03:04:16.624-05:00","eventName":"n8n.node.started","message":"n8n.node.started","payload":{"workflowId":"bYgBZRoB3ZizDrZwxuIsb","workflowName":"My workflow 7","executionId":"3","nodeType":"n8n-nodes-base.code","nodeName":"Process & Aggregate","nodeId":"065dee17-5a6c-47ab-b5b5-c00d4151f4cc"}}
{"__type":"$$EventMessageConfirm","confirm":"ab65ab60-fd78-4803-8cce-e5a913f1e9cc","ts":"2026-02-10T03:04:16.624-05:00","source":{"id":"0","name":"eventBus"}}
{"__type":"$$EventMessageRunner","id":"16c8ad11-17fe-4b91-b337-3dadeedaea74","ts":"2026-02-10T03:04:16.627-05:00","eventName":"n8n.runner.task.requested","message":"n8n.runner.task.requested","payload":{"taskId":"Uo4L7uPx","nodeId":"065dee17-5a6c-47ab-b5b5-c00d4151f4cc","workflowId":"bYgBZRoB3ZizDrZwxuIsb","executionId":"3"}}
{"__type":"$$EventMessageConfirm","confirm":"16c8ad11-17fe-4b91-b337-3dadeedaea74","ts":"2026-02-10T03:04:16.627-05:00","source":{"id":"0","name":"eventBus"}}
{"__type":"$$EventMessageRunner","id":"8e07c1da-3aad-47cf-8f12-af8d337f8c51","ts":"2026-02-10T03:04:16.655-05:00","eventName":"n8n.runner.response.received","message":"n8n.runner.response.received","payload":{"taskId":"Uo4L7uPx","nodeId":"065dee17-5a6c-47ab-b5b5-c00d4151f4cc","workflowId":"bYgBZRoB3ZizDrZwxuIsb","executionId":"3"}}
{"__type":"$$EventMessageConfirm","confirm":"8e07c1da-3aad-47cf-8f12-af8d337f8c51","ts":"2026-02-10T03:04:16.655-05:00","source":{"id":"0","name":"eventBus"}}
{"__type":"$$EventMessageNode","id":"0b8ee361-d2f6-486f-95d6-905a08448b60","ts":"2026-02-10T03:04:16.655-05:00","eventName":"n8n.node.finished","message":"n8n.node.finished","payload":{"workflowId":"bYgBZRoB3ZizDrZwxuIsb","workflowName":"My workflow 7","executionId":"3","nodeType":"n8n-nodes-base.code","nodeName":"Process & Aggregate","nodeId":"065dee17-5a6c-47ab-b5b5-c00d4151f4cc"}}
{"__type":"$$EventMessageConfirm","confirm":"0b8ee361-d2f6-486f-95d6-905a08448b60","ts":"2026-02-10T03:04:16.655-05:00","source":{"id":"0","name":"eventBus"}}
{"__type":"$$EventMessageNode","id":"d3f250d0-3812-407d-b1b2-e12fe57b724b","ts":"2026-02-10T03:04:16.656-05:00","eventName":"n8n.node.started","message":"n8n.node.started","payload":{"workflowId":"bYgBZRoB3ZizDrZwxuIsb","workflowName":"My workflow 7","executionId":"3","nodeType":"n8n-nodes-base.if","nodeName":"Check Loop","nodeId":"824f9127-f9f5-4575-8053-a5d7154cdedc"}}
{"__type":"$$EventMessageConfirm","confirm":"d3f250d0-3812-407d-b1b2-e12fe57b724b","ts":"2026-02-10T03:04:16.656-05:00","source":{"id":"0","name":"eventBus"}}
{"__type":"$$EventMessageNode","id":"5cde0a48-df14-4243-8b6a-4340085aa502","ts":"2026-02-10T03:04:16.657-05:00","eventName":"n8n.node.finished","message":"n8n.node.finished","payload":{"workflowId":"bYgBZRoB3ZizDrZwxuIsb","workflowName":"My workflow 7","executionId":"3","nodeType":"n8n-nodes-base.if","nodeName":"Check Loop","nodeId":"824f9127-f9f5-4575-8053-a5d7154cdedc"}}
{"__type":"$$EventMessageConfirm","confirm":"5cde0a48-df14-4243-8b6a-4340085aa502","ts":"2026-02-10T03:04:16.657-05:00","source":{"id":"0","name":"eventBus"}}
{"__type":"$$EventMessageNode","id":"b9a8feb4-e8fb-4858-a1e0-349eaad1f14d","ts":"2026-02-10T03:04:16.658-05:00","eventName":"n8n.node.started","message":"n8n.node.started","payload":{"workflowId":"bYgBZRoB3ZizDrZwxuIsb","workflowName":"My workflow 7","executionId":"3","nodeType":"n8n-nodes-base.set","nodeName":"Update Cursor","nodeId":"a9e832e9-6cc0-4bbf-a132-12f93c59bc6e"}}
{"__type":"$$EventMessageConfirm","confirm":"b9a8feb4-e8fb-4858-a1e0-349eaad1f14d","ts":"2026-02-10T03:04:16.658-05:00","source":{"id":"0","name":"eventBus"}}
{"__type":"$$EventMessageNode","id":"686f30e4-02e1-4585-aa1c-93754d3743ef","ts":"2026-02-10T03:04:16.659-05:00","eventName":"n8n.node.finished","message":"n8n.node.finished","payload":{"workflowId":"bYgBZRoB3ZizDrZwxuIsb","workflowName":"My workflow 7","executionId":"3","nodeType":"n8n-nodes-base.set","nodeName":"Update Cursor","nodeId":"a9e832e9-6cc0-4bbf-a132-12f93c59bc6e"}}
{"__type":"$$EventMessageConfirm","confirm":"686f30e4-02e1-4585-aa1c-93754d3743ef","ts":"2026-02-10T03:04:16.659-05:00","source":{"id":"0","name":"eventBus"}}
{"__type":"$$EventMessageNode","id":"4ad9d0ec-22bd-4c7b-b5fd-30f09630a393","ts":"2026-02-10T03:04:16.660-05:00","eventName":"n8n.node.started","message":"n8n.node.started","payload":{"workflowId":"bYgBZRoB3ZizDrZwxuIsb","workflowName":"My workflow 7","executionId":"3","nodeType":"n8n-nodes-base.wait","nodeName":"Wait","nodeId":"d4555a9c-319f-4576-8813-c6f706b3ad00"}}
{"__type":"$$EventMessageConfirm","confirm":"4ad9d0ec-22bd-4c7b-b5fd-30f09630a393","ts":"2026-02-10T03:04:16.660-05:00","source":{"id":"0","name":"eventBus"}}
{"__type":"$$EventMessageNode","id":"9a71bf8f-5a8b-4ac5-9110-d66de8782d57","ts":"2026-02-10T03:04:18.661-05:00","eventName":"n8n.node.finished","message":"n8n.node.finished","payload":{"workflowId":"bYgBZRoB3ZizDrZwxuIsb","workflowName":"My workflow 7","executionId":"3","nodeType":"n8n-nodes-base.wait","nodeName":"Wait","nodeId":"d4555a9c-319f-4576-8813-c6f706b3ad00"}}
{"__type":"$$EventMessageConfirm","confirm":"9a71bf8f-5a8b-4ac5-9110-d66de8782d57","ts":"2026-02-10T03:04:18.661-05:00","source":{"id":"0","name":"eventBus"}}
{"__type":"$$EventMessageNode","id":"7899c2ed-eb52-4156-882f-1ecdc0a775e2","ts":"2026-02-10T03:04:18.661-05:00","eventName":"n8n.node.started","message":"n8n.node.started","payload":{"workflowId":"bYgBZRoB3ZizDrZwxuIsb","workflowName":"My workflow 7","executionId":"3","nodeType":"n8n-nodes-base.graphql","nodeName":"GraphQL","nodeId":"85c618fd-0d30-4313-a135-ebcc755bd1ff"}}
{"__type":"$$EventMessageConfirm","confirm":"7899c2ed-eb52-4156-882f-1ecdc0a775e2","ts":"2026-02-10T03:04:18.662-05:00","source":{"id":"0","name":"eventBus"}}
{"__type":"$$EventMessageNode","id":"283ae7a3-687f-429e-acfa-ae561cf1c5c3","ts":"2026-02-10T03:04:19.141-05:00","eventName":"n8n.node.finished","message":"n8n.node.finished","payload":{"workflowId":"bYgBZRoB3ZizDrZwxuIsb","workflowName":"My workflow 7","executionId":"3","nodeType":"n8n-nodes-base.graphql","nodeName":"GraphQL","nodeId":"85c618fd-0d30-4313-a135-ebcc755bd1ff"}}
{"__type":"$$EventMessageConfirm","confirm":"283ae7a3-687f-429e-acfa-ae561cf1c5c3","ts":"2026-02-10T03:04:19.141-05:00","source":{"id":"0","name":"eventBus"}}
{"__type":"$$EventMessageNode","id":"1a9cad1a-434b-4554-be27-b859baf749b3","ts":"2026-02-10T03:04:19.142-05:00","eventName":"n8n.node.started","message":"n8n.node.started","payload":{"workflowId":"bYgBZRoB3ZizDrZwxuIsb","workflowName":"My workflow 7","executionId":"3","nodeType":"n8n-nodes-base.code","nodeName":"Process & Aggregate","nodeId":"065dee17-5a6c-47ab-b5b5-c00d4151f4cc"}}
{"__type":"$$EventMessageConfirm","confirm":"1a9cad1a-434b-4554-be27-b859baf749b3","ts":"2026-02-10T03:04:19.142-05:00","source":{"id":"0","name":"eventBus"}}
{"__type":"$$EventMessageRunner","id":"ec168f1d-c64f-4235-9fba-032b4449b8ef","ts":"2026-02-10T03:04:19.143-05:00","eventName":"n8n.runner.task.requested","message":"n8n.runner.task.requested","payload":{"taskId":"z3TUPjTR","nodeId":"065dee17-5a6c-47ab-b5b5-c00d4151f4cc","workflowId":"bYgBZRoB3ZizDrZwxuIsb","executionId":"3"}}
{"__type":"$$EventMessageConfirm","confirm":"ec168f1d-c64f-4235-9fba-032b4449b8ef","ts":"2026-02-10T03:04:19.144-05:00","source":{"id":"0","name":"eventBus"}}
{"__type":"$$EventMessageRunner","id":"d267b51d-e8cc-436d-b9e2-4a3543203692","ts":"2026-02-10T03:04:19.166-05:00","eventName":"n8n.runner.response.received","message":"n8n.runner.response.received","payload":{"taskId":"z3TUPjTR","nodeId":"065dee17-5a6c-47ab-b5b5-c00d4151f4cc","workflowId":"bYgBZRoB3ZizDrZwxuIsb","executionId":"3"}}
{"__type":"$$EventMessageConfirm","confirm":"d267b51d-e8cc-436d-b9e2-4a3543203692","ts":"2026-02-10T03:04:19.166-05:00","source":{"id":"0","name":"eventBus"}}
{"__type":"$$EventMessageNode","id":"a0a7d097-1b8c-4220-ba0e-8c34dc4d596e","ts":"2026-02-10T03:04:19.167-05:00","eventName":"n8n.node.finished","message":"n8n.node.finished","payload":{"workflowId":"bYgBZRoB3ZizDrZwxuIsb","workflowName":"My workflow 7","executionId":"3","nodeType":"n8n-nodes-base.code","nodeName":"Process & Aggregate","nodeId":"065dee17-5a6c-47ab-b5b5-c00d4151f4cc"}}
{"__type":"$$EventMessageConfirm","confirm":"a0a7d097-1b8c-4220-ba0e-8c34dc4d596e","ts":"2026-02-10T03:04:19.167-05:00","source":{"id":"0","name":"eventBus"}}
{"__type":"$$EventMessageNode","id":"29bde5bf-420d-4383-8da2-522fb0b169d2","ts":"2026-02-10T03:04:19.167-05:00","eventName":"n8n.node.started","message":"n8n.node.started","payload":{"workflowId":"bYgBZRoB3ZizDrZwxuIsb","workflowName":"My workflow 7","executionId":"3","nodeType":"n8n-nodes-base.if","nodeName":"Check Loop","nodeId":"824f9127-f9f5-4575-8053-a5d7154cdedc"}}
{"__type":"$$EventMessageConfirm","confirm":"29bde5bf-420d-4383-8da2-522fb0b169d2","ts":"2026-02-10T03:04:19.167-05:00","source":{"id":"0","name":"eventBus"}}
{"__type":"$$EventMessageNode","id":"2977473a-4a09-4763-b4f6-31b6f5f74a7a","ts":"2026-02-10T03:04:19.170-05:00","eventName":"n8n.node.finished","message":"n8n.node.finished","payload":{"workflowId":"bYgBZRoB3ZizDrZwxuIsb","workflowName":"My workflow 7","executionId":"3","nodeType":"n8n-nodes-base.if","nodeName":"Check Loop","nodeId":"824f9127-f9f5-4575-8053-a5d7154cdedc"}}
{"__type":"$$EventMessageConfirm","confirm":"2977473a-4a09-4763-b4f6-31b6f5f74a7a","ts":"2026-02-10T03:04:19.170-05:00","source":{"id":"0","name":"eventBus"}}
{"__type":"$$EventMessageNode","id":"e5fc419a-9ba5-45b8-9dd4-716834cdf70d","ts":"2026-02-10T03:04:19.171-05:00","eventName":"n8n.node.started","message":"n8n.node.started","payload":{"workflowId":"bYgBZRoB3ZizDrZwxuIsb","workflowName":"My workflow 7","executionId":"3","nodeType":"n8n-nodes-base.set","nodeName":"Update Cursor","nodeId":"a9e832e9-6cc0-4bbf-a132-12f93c59bc6e"}}
{"__type":"$$EventMessageConfirm","confirm":"e5fc419a-9ba5-45b8-9dd4-716834cdf70d","ts":"2026-02-10T03:04:19.171-05:00","source":{"id":"0","name":"eventBus"}}
{"__type":"$$EventMessageNode","id":"cbf4a249-71ed-48b4-878e-6b359ea701ec","ts":"2026-02-10T03:04:19.172-05:00","eventName":"n8n.node.finished","message":"n8n.node.finished","payload":{"workflowId":"bYgBZRoB3ZizDrZwxuIsb","workflowName":"My workflow 7","executionId":"3","nodeType":"n8n-nodes-base.set","nodeName":"Update Cursor","nodeId":"a9e832e9-6cc0-4bbf-a132-12f93c59bc6e"}}
{"__type":"$$EventMessageConfirm","confirm":"cbf4a249-71ed-48b4-878e-6b359ea701ec","ts":"2026-02-10T03:04:19.172-05:00","source":{"id":"0","name":"eventBus"}}
{"__type":"$$EventMessageNode","id":"dc549606-0847-4383-ab19-bc3d8210d6cd","ts":"2026-02-10T03:04:19.173-05:00","eventName":"n8n.node.started","message":"n8n.node.started","payload":{"workflowId":"bYgBZRoB3ZizDrZwxuIsb","workflowName":"My workflow 7","executionId":"3","nodeType":"n8n-nodes-base.wait","nodeName":"Wait","nodeId":"d4555a9c-319f-4576-8813-c6f706b3ad00"}}
{"__type":"$$EventMessageConfirm","confirm":"dc549606-0847-4383-ab19-bc3d8210d6cd","ts":"2026-02-10T03:04:19.173-05:00","source":{"id":"0","name":"eventBus"}}
{"__type":"$$EventMessageNode","id":"8a9b3156-6531-49db-9b01-3b75042daa85","ts":"2026-02-10T03:04:21.174-05:00","eventName":"n8n.node.finished","message":"n8n.node.finished","payload":{"workflowId":"bYgBZRoB3ZizDrZwxuIsb","workflowName":"My workflow 7","executionId":"3","nodeType":"n8n-nodes-base.wait","nodeName":"Wait","nodeId":"d4555a9c-319f-4576-8813-c6f706b3ad00"}}
{"__type":"$$EventMessageConfirm","confirm":"8a9b3156-6531-49db-9b01-3b75042daa85","ts":"2026-02-10T03:04:21.174-05:00","source":{"id":"0","name":"eventBus"}}
{"__type":"$$EventMessageNode","id":"9b95cec1-e735-40ea-81b6-b40a944cb225","ts":"2026-02-10T03:04:21.174-05:00","eventName":"n8n.node.started","message":"n8n.node.started","payload":{"workflowId":"bYgBZRoB3ZizDrZwxuIsb","workflowName":"My workflow 7","executionId":"3","nodeType":"n8n-nodes-base.graphql","nodeName":"GraphQL","nodeId":"85c618fd-0d30-4313-a135-ebcc755bd1ff"}}
{"__type":"$$EventMessageConfirm","confirm":"9b95cec1-e735-40ea-81b6-b40a944cb225","ts":"2026-02-10T03:04:21.174-05:00","source":{"id":"0","name":"eventBus"}}
{"__type":"$$EventMessageNode","id":"962841cf-2287-45da-84e7-1934cf341a88","ts":"2026-02-10T03:04:21.687-05:00","eventName":"n8n.node.finished","message":"n8n.node.finished","payload":{"workflowId":"bYgBZRoB3ZizDrZwxuIsb","workflowName":"My workflow 7","executionId":"3","nodeType":"n8n-nodes-base.graphql","nodeName":"GraphQL","nodeId":"85c618fd-0d30-4313-a135-ebcc755bd1ff"}}
{"__type":"$$EventMessageConfirm","confirm":"962841cf-2287-45da-84e7-1934cf341a88","ts":"2026-02-10T03:04:21.687-05:00","source":{"id":"0","name":"eventBus"}}
{"__type":"$$EventMessageNode","id":"d2b4964e-c064-4af1-b4e0-6e689a198eeb","ts":"2026-02-10T03:04:21.687-05:00","eventName":"n8n.node.started","message":"n8n.node.started","payload":{"workflowId":"bYgBZRoB3ZizDrZwxuIsb","workflowName":"My workflow 7","executionId":"3","nodeType":"n8n-nodes-base.code","nodeName":"Process & Aggregate","nodeId":"065dee17-5a6c-47ab-b5b5-c00d4151f4cc"}}
{"__type":"$$EventMessageConfirm","confirm":"d2b4964e-c064-4af1-b4e0-6e689a198eeb","ts":"2026-02-10T03:04:21.688-05:00","source":{"id":"0","name":"eventBus"}}
{"__type":"$$EventMessageRunner","id":"d15bfd96-0c95-4503-afc1-250d89d62fdf","ts":"2026-02-10T03:04:21.689-05:00","eventName":"n8n.runner.task.requested","message":"n8n.runner.task.requested","payload":{"taskId":"wlCUku2u","nodeId":"065dee17-5a6c-47ab-b5b5-c00d4151f4cc","workflowId":"bYgBZRoB3ZizDrZwxuIsb","executionId":"3"}}
{"__type":"$$EventMessageConfirm","confirm":"d15bfd96-0c95-4503-afc1-250d89d62fdf","ts":"2026-02-10T03:04:21.689-05:00","source":{"id":"0","name":"eventBus"}}
{"__type":"$$EventMessageRunner","id":"e5809be7-5da0-4c51-8126-9deac7e52547","ts":"2026-02-10T03:04:21.728-05:00","eventName":"n8n.runner.response.received","message":"n8n.runner.response.received","payload":{"taskId":"wlCUku2u","nodeId":"065dee17-5a6c-47ab-b5b5-c00d4151f4cc","workflowId":"bYgBZRoB3ZizDrZwxuIsb","executionId":"3"}}
{"__type":"$$EventMessageConfirm","confirm":"e5809be7-5da0-4c51-8126-9deac7e52547","ts":"2026-02-10T03:04:21.728-05:00","source":{"id":"0","name":"eventBus"}}
{"__type":"$$EventMessageNode","id":"2a5e8d67-adde-45e7-85f9-d41afbf4e607","ts":"2026-02-10T03:04:21.729-05:00","eventName":"n8n.node.finished","message":"n8n.node.finished","payload":{"workflowId":"bYgBZRoB3ZizDrZwxuIsb","workflowName":"My workflow 7","executionId":"3","nodeType":"n8n-nodes-base.code","nodeName":"Process & Aggregate","nodeId":"065dee17-5a6c-47ab-b5b5-c00d4151f4cc"}}
{"__type":"$$EventMessageConfirm","confirm":"2a5e8d67-adde-45e7-85f9-d41afbf4e607","ts":"2026-02-10T03:04:21.729-05:00","source":{"id":"0","name":"eventBus"}}
{"__type":"$$EventMessageNode","id":"84f83113-6cef-48d9-b6eb-64822f7d7479","ts":"2026-02-10T03:04:21.730-05:00","eventName":"n8n.node.started","message":"n8n.node.started","payload":{"workflowId":"bYgBZRoB3ZizDrZwxuIsb","workflowName":"My workflow 7","executionId":"3","nodeType":"n8n-nodes-base.if","nodeName":"Check Loop","nodeId":"824f9127-f9f5-4575-8053-a5d7154cdedc"}}
{"__type":"$$EventMessageConfirm","confirm":"84f83113-6cef-48d9-b6eb-64822f7d7479","ts":"2026-02-10T03:04:21.730-05:00","source":{"id":"0","name":"eventBus"}}
{"__type":"$$EventMessageNode","id":"f0b4196b-1613-414c-8eb9-32d53ba6a9b5","ts":"2026-02-10T03:04:21.731-05:00","eventName":"n8n.node.finished","message":"n8n.node.finished","payload":{"workflowId":"bYgBZRoB3ZizDrZwxuIsb","workflowName":"My workflow 7","executionId":"3","nodeType":"n8n-nodes-base.if","nodeName":"Check Loop","nodeId":"824f9127-f9f5-4575-8053-a5d7154cdedc"}}
{"__type":"$$EventMessageConfirm","confirm":"f0b4196b-1613-414c-8eb9-32d53ba6a9b5","ts":"2026-02-10T03:04:21.731-05:00","source":{"id":"0","name":"eventBus"}}
{"__type":"$$EventMessageNode","id":"18121e44-e67f-4062-948b-07dc653103b6","ts":"2026-02-10T03:04:21.732-05:00","eventName":"n8n.node.started","message":"n8n.node.started","payload":{"workflowId":"bYgBZRoB3ZizDrZwxuIsb","workflowName":"My workflow 7","executionId":"3","nodeType":"n8n-nodes-base.set","nodeName":"Update Cursor","nodeId":"a9e832e9-6cc0-4bbf-a132-12f93c59bc6e"}}
{"__type":"$$EventMessageConfirm","confirm":"18121e44-e67f-4062-948b-07dc653103b6","ts":"2026-02-10T03:04:21.733-05:00","source":{"id":"0","name":"eventBus"}}
{"__type":"$$EventMessageNode","id":"aa4ac2e1-19bf-439e-9901-0b3c5c08f515","ts":"2026-02-10T03:04:21.735-05:00","eventName":"n8n.node.finished","message":"n8n.node.finished","payload":{"workflowId":"bYgBZRoB3ZizDrZwxuIsb","workflowName":"My workflow 7","executionId":"3","nodeType":"n8n-nodes-base.set","nodeName":"Update Cursor","nodeId":"a9e832e9-6cc0-4bbf-a132-12f93c59bc6e"}}
{"__type":"$$EventMessageConfirm","confirm":"aa4ac2e1-19bf-439e-9901-0b3c5c08f515","ts":"2026-02-10T03:04:21.735-05:00","source":{"id":"0","name":"eventBus"}}
{"__type":"$$EventMessageNode","id":"ae5204a6-ed74-4f23-9cc5-6ec40e72bfe7","ts":"2026-02-10T03:04:21.736-05:00","eventName":"n8n.node.started","message":"n8n.node.started","payload":{"workflowId":"bYgBZRoB3ZizDrZwxuIsb","workflowName":"My workflow 7","executionId":"3","nodeType":"n8n-nodes-base.wait","nodeName":"Wait","nodeId":"d4555a9c-319f-4576-8813-c6f706b3ad00"}}
{"__type":"$$EventMessageConfirm","confirm":"ae5204a6-ed74-4f23-9cc5-6ec40e72bfe7","ts":"2026-02-10T03:04:21.736-05:00","source":{"id":"0","name":"eventBus"}}
{"__type":"$$EventMessageNode","id":"17a90a4e-424c-456b-a333-48d7117691a0","ts":"2026-02-10T03:04:23.737-05:00","eventName":"n8n.node.finished","message":"n8n.node.finished","payload":{"workflowId":"bYgBZRoB3ZizDrZwxuIsb","workflowName":"My workflow 7","executionId":"3","nodeType":"n8n-nodes-base.wait","nodeName":"Wait","nodeId":"d4555a9c-319f-4576-8813-c6f706b3ad00"}}
{"__type":"$$EventMessageConfirm","confirm":"17a90a4e-424c-456b-a333-48d7117691a0","ts":"2026-02-10T03:04:23.737-05:00","source":{"id":"0","name":"eventBus"}}
{"__type":"$$EventMessageNode","id":"3ac28bab-51ca-4d89-a4f6-11baba21369e","ts":"2026-02-10T03:04:23.738-05:00","eventName":"n8n.node.started","message":"n8n.node.started","payload":{"workflowId":"bYgBZRoB3ZizDrZwxuIsb","workflowName":"My workflow 7","executionId":"3","nodeType":"n8n-nodes-base.graphql","nodeName":"GraphQL","nodeId":"85c618fd-0d30-4313-a135-ebcc755bd1ff"}}
{"__type":"$$EventMessageConfirm","confirm":"3ac28bab-51ca-4d89-a4f6-11baba21369e","ts":"2026-02-10T03:04:23.738-05:00","source":{"id":"0","name":"eventBus"}}
{"__type":"$$EventMessageNode","id":"0c6d773b-458d-4b59-b225-0ea594447e09","ts":"2026-02-10T03:04:24.695-05:00","eventName":"n8n.node.finished","message":"n8n.node.finished","payload":{"workflowId":"bYgBZRoB3ZizDrZwxuIsb","workflowName":"My workflow 7","executionId":"3","nodeType":"n8n-nodes-base.graphql","nodeName":"GraphQL","nodeId":"85c618fd-0d30-4313-a135-ebcc755bd1ff"}}
{"__type":"$$EventMessageConfirm","confirm":"0c6d773b-458d-4b59-b225-0ea594447e09","ts":"2026-02-10T03:04:24.695-05:00","source":{"id":"0","name":"eventBus"}}
{"__type":"$$EventMessageNode","id":"af2ba31f-cced-42ec-984a-1b0840149127","ts":"2026-02-10T03:04:24.696-05:00","eventName":"n8n.node.started","message":"n8n.node.started","payload":{"workflowId":"bYgBZRoB3ZizDrZwxuIsb","workflowName":"My workflow 7","executionId":"3","nodeType":"n8n-nodes-base.code","nodeName":"Process & Aggregate","nodeId":"065dee17-5a6c-47ab-b5b5-c00d4151f4cc"}}
{"__type":"$$EventMessageConfirm","confirm":"af2ba31f-cced-42ec-984a-1b0840149127","ts":"2026-02-10T03:04:24.696-05:00","source":{"id":"0","name":"eventBus"}}
{"__type":"$$EventMessageRunner","id":"562d1cd7-9570-4d5f-bb78-b03971d6418b","ts":"2026-02-10T03:04:24.698-05:00","eventName":"n8n.runner.task.requested","message":"n8n.runner.task.requested","payload":{"taskId":"GK34BK-L","nodeId":"065dee17-5a6c-47ab-b5b5-c00d4151f4cc","workflowId":"bYgBZRoB3ZizDrZwxuIsb","executionId":"3"}}
{"__type":"$$EventMessageConfirm","confirm":"562d1cd7-9570-4d5f-bb78-b03971d6418b","ts":"2026-02-10T03:04:24.698-05:00","source":{"id":"0","name":"eventBus"}}
{"__type":"$$EventMessageRunner","id":"fd0d4dc0-5eed-41f4-8f66-83db8e89282f","ts":"2026-02-10T03:04:24.730-05:00","eventName":"n8n.runner.response.received","message":"n8n.runner.response.received","payload":{"taskId":"GK34BK-L","nodeId":"065dee17-5a6c-47ab-b5b5-c00d4151f4cc","workflowId":"bYgBZRoB3ZizDrZwxuIsb","executionId":"3"}}
{"__type":"$$EventMessageConfirm","confirm":"fd0d4dc0-5eed-41f4-8f66-83db8e89282f","ts":"2026-02-10T03:04:24.730-05:00","source":{"id":"0","name":"eventBus"}}
{"__type":"$$EventMessageNode","id":"3da819b2-bee6-4e3a-abae-0ea01f13d852","ts":"2026-02-10T03:04:24.731-05:00","eventName":"n8n.node.finished","message":"n8n.node.finished","payload":{"workflowId":"bYgBZRoB3ZizDrZwxuIsb","workflowName":"My workflow 7","executionId":"3","nodeType":"n8n-nodes-base.code","nodeName":"Process & Aggregate","nodeId":"065dee17-5a6c-47ab-b5b5-c00d4151f4cc"}}
{"__type":"$$EventMessageConfirm","confirm":"3da819b2-bee6-4e3a-abae-0ea01f13d852","ts":"2026-02-10T03:04:24.731-05:00","source":{"id":"0","name":"eventBus"}}
{"__type":"$$EventMessageNode","id":"b95e0840-4d8d-42f6-b70f-0b8d8597e50e","ts":"2026-02-10T03:04:24.735-05:00","eventName":"n8n.node.started","message":"n8n.node.started","payload":{"workflowId":"bYgBZRoB3ZizDrZwxuIsb","workflowName":"My workflow 7","executionId":"3","nodeType":"n8n-nodes-base.if","nodeName":"Check Loop","nodeId":"824f9127-f9f5-4575-8053-a5d7154cdedc"}}
{"__type":"$$EventMessageConfirm","confirm":"b95e0840-4d8d-42f6-b70f-0b8d8597e50e","ts":"2026-02-10T03:04:24.735-05:00","source":{"id":"0","name":"eventBus"}}
{"__type":"$$EventMessageNode","id":"6d44e3ea-4484-458c-822b-2957e1b40281","ts":"2026-02-10T03:04:24.794-05:00","eventName":"n8n.node.finished","message":"n8n.node.finished","payload":{"workflowId":"bYgBZRoB3ZizDrZwxuIsb","workflowName":"My workflow 7","executionId":"3","nodeType":"n8n-nodes-base.if","nodeName":"Check Loop","nodeId":"824f9127-f9f5-4575-8053-a5d7154cdedc"}}
{"__type":"$$EventMessageConfirm","confirm":"6d44e3ea-4484-458c-822b-2957e1b40281","ts":"2026-02-10T03:04:24.794-05:00","source":{"id":"0","name":"eventBus"}}
{"__type":"$$EventMessageNode","id":"3c007d04-a750-4817-a59b-be24b40712a4","ts":"2026-02-10T03:04:24.797-05:00","eventName":"n8n.node.started","message":"n8n.node.started","payload":{"workflowId":"bYgBZRoB3ZizDrZwxuIsb","workflowName":"My workflow 7","executionId":"3","nodeType":"n8n-nodes-base.set","nodeName":"Edit Fields1","nodeId":"a64401b5-7b47-49af-90b2-639d5d9d8775"}}
{"__type":"$$EventMessageConfirm","confirm":"3c007d04-a750-4817-a59b-be24b40712a4","ts":"2026-02-10T03:04:24.797-05:00","source":{"id":"0","name":"eventBus"}}
{"__type":"$$EventMessageNode","id":"69e00c46-ae97-477b-b6b4-0f0121651d38","ts":"2026-02-10T03:04:25.417-05:00","eventName":"n8n.node.finished","message":"n8n.node.finished","payload":{"workflowId":"bYgBZRoB3ZizDrZwxuIsb","workflowName":"My workflow 7","executionId":"3","nodeType":"n8n-nodes-base.set","nodeName":"Edit Fields1","nodeId":"a64401b5-7b47-49af-90b2-639d5d9d8775"}}
{"__type":"$$EventMessageConfirm","confirm":"69e00c46-ae97-477b-b6b4-0f0121651d38","ts":"2026-02-10T03:04:25.417-05:00","source":{"id":"0","name":"eventBus"}}
{"__type":"$$EventMessageNode","id":"9a4926b8-6517-4b7a-b9b9-848210526483","ts":"2026-02-10T03:04:25.419-05:00","eventName":"n8n.node.started","message":"n8n.node.started","payload":{"workflowId":"bYgBZRoB3ZizDrZwxuIsb","workflowName":"My workflow 7","executionId":"3","nodeType":"n8n-nodes-base.postgres","nodeName":"Insert or update rows in a table","nodeId":"c3aca24c-fce9-40e0-b697-7efff974eeaa"}}
{"__type":"$$EventMessageConfirm","confirm":"9a4926b8-6517-4b7a-b9b9-848210526483","ts":"2026-02-10T03:04:25.419-05:00","source":{"id":"0","name":"eventBus"}}
{"__type":"$$EventMessageNode","id":"b6e012cd-7775-42c5-a984-7503d7de1912","ts":"2026-02-10T03:04:25.718-05:00","eventName":"n8n.node.finished","message":"n8n.node.finished","payload":{"workflowId":"bYgBZRoB3ZizDrZwxuIsb","workflowName":"My workflow 7","executionId":"3","nodeType":"n8n-nodes-base.postgres","nodeName":"Insert or update rows in a table","nodeId":"c3aca24c-fce9-40e0-b697-7efff974eeaa"}}
{"__type":"$$EventMessageConfirm","confirm":"b6e012cd-7775-42c5-a984-7503d7de1912","ts":"2026-02-10T03:04:25.718-05:00","source":{"id":"0","name":"eventBus"}}
{"__type":"$$EventMessageWorkflow","id":"6b2f66ab-0fa4-4057-bc8d-a2d8aab2137f","ts":"2026-02-10T03:04:25.726-05:00","eventName":"n8n.workflow.success","message":"n8n.workflow.success","payload":{"userId":"ef35603f-480f-4c41-8e22-a0f9dcd4412d","executionId":"3","success":true,"isManual":true,"workflowId":"bYgBZRoB3ZizDrZwxuIsb","workflowName":"My workflow 7"}}
{"__type":"$$EventMessageConfirm","confirm":"6b2f66ab-0fa4-4057-bc8d-a2d8aab2137f","ts":"2026-02-10T03:04:25.726-05:00","source":{"id":"0","name":"eventBus"}}
{"__type":"$$EventMessageAudit","id":"f5acb0d1-aac2-470c-94f9-5025fec9629b","ts":"2026-02-10T05:57:37.475-05:00","eventName":"n8n.audit.workflow.updated","message":"n8n.audit.workflow.updated","payload":{"userId":"ef35603f-480f-4c41-8e22-a0f9dcd4412d","_email":"f.armin8090@gmail.com","_firstName":"armin","_lastName":"fl","globalRole":"global:owner","workflowId":"bYgBZRoB3ZizDrZwxuIsb","workflowName":"My workflow 7"}}
{"__type":"$$EventMessageConfirm","confirm":"f5acb0d1-aac2-470c-94f9-5025fec9629b","ts":"2026-02-10T05:57:37.477-05:00","source":{"id":"0","name":"eventBus"}}
{"__type":"$$EventMessageAudit","id":"30e1cf20-0845-4a5a-80f9-ea97373613ee","ts":"2026-02-10T05:57:39.801-05:00","eventName":"n8n.audit.workflow.updated","message":"n8n.audit.workflow.updated","payload":{"userId":"ef35603f-480f-4c41-8e22-a0f9dcd4412d","_email":"f.armin8090@gmail.com","_firstName":"armin","_lastName":"fl","globalRole":"global:owner","workflowId":"bYgBZRoB3ZizDrZwxuIsb","workflowName":"My workflow 7"}}
{"__type":"$$EventMessageConfirm","confirm":"30e1cf20-0845-4a5a-80f9-ea97373613ee","ts":"2026-02-10T05:57:39.802-05:00","source":{"id":"0","name":"eventBus"}}
{"__type":"$$EventMessageAudit","id":"658f7e39-6aa2-48e8-8d5a-00d223a7d9c6","ts":"2026-02-10T05:57:42.933-05:00","eventName":"n8n.audit.workflow.updated","message":"n8n.audit.workflow.updated","payload":{"userId":"ef35603f-480f-4c41-8e22-a0f9dcd4412d","_email":"f.armin8090@gmail.com","_firstName":"armin","_lastName":"fl","globalRole":"global:owner","workflowId":"bYgBZRoB3ZizDrZwxuIsb","workflowName":"My workflow 7"}}
{"__type":"$$EventMessageConfirm","confirm":"658f7e39-6aa2-48e8-8d5a-00d223a7d9c6","ts":"2026-02-10T05:57:42.934-05:00","source":{"id":"0","name":"eventBus"}}
{"__type":"$$EventMessageAudit","id":"8f30367d-ea84-4d77-aab3-07842fc16a29","ts":"2026-02-10T05:57:46.703-05:00","eventName":"n8n.audit.workflow.updated","message":"n8n.audit.workflow.updated","payload":{"userId":"ef35603f-480f-4c41-8e22-a0f9dcd4412d","_email":"f.armin8090@gmail.com","_firstName":"armin","_lastName":"fl","globalRole":"global:owner","workflowId":"bYgBZRoB3ZizDrZwxuIsb","workflowName":"My workflow 7"}}
{"__type":"$$EventMessageConfirm","confirm":"8f30367d-ea84-4d77-aab3-07842fc16a29","ts":"2026-02-10T05:57:46.704-05:00","source":{"id":"0","name":"eventBus"}}
